ISO-10303-21;
HEADER;
/* Generated by software containing ST-Developer
 * from STEP Tools, Inc. (www.steptools.com) 
 */

FILE_DESCRIPTION(
/* description */ ('Open CASCADE Model'),
/* implementation_level */ '2;1');

FILE_NAME(
/* name */ 'Rotary Keycap.step',
/* time_stamp */ '2026-08-19T21:13:59-04:00',
/* author */ (''),
/* organization */ (''),
/* preprocessor_version */ 'ST-DEVELOPER v20.1',
/* originating_system */ 'Autodesk Translation Framework v15.8.0.0',
/* authorisation */ '');

FILE_SCHEMA (('AUTOMOTIVE_DESIGN { 1 0 10303 214 3 1 1 }'));
ENDSEC;

DATA;
#10=MECHANICAL_DESIGN_GEOMETRIC_PRESENTATION_REPRESENTATION('',(#13),#2661);
#11=SHAPE_REPRESENTATION_RELATIONSHIP('SRR','None',#2668,#12);
#12=ADVANCED_BREP_SHAPE_REPRESENTATION('',(#14),#2660);
#13=STYLED_ITEM('',(#2677),#14);
#14=MANIFOLD_SOLID_BREP('Body1',#1457);
#15=PLANE('',#1541);
#16=PLANE('',#1545);
#17=PLANE('',#1552);
#18=PLANE('',#1553);
#19=PLANE('',#1557);
#20=PLANE('',#1558);
#21=PLANE('',#1562);
#22=PLANE('',#1563);
#23=PLANE('',#1567);
#24=PLANE('',#1568);
#25=PLANE('',#1572);
#26=PLANE('',#1573);
#27=PLANE('',#1577);
#28=PLANE('',#1578);
#29=PLANE('',#1582);
#30=PLANE('',#1583);
#31=PLANE('',#1587);
#32=PLANE('',#1588);
#33=PLANE('',#1592);
#34=PLANE('',#1593);
#35=PLANE('',#1597);
#36=PLANE('',#1598);
#37=PLANE('',#1602);
#38=PLANE('',#1603);
#39=PLANE('',#1607);
#40=PLANE('',#1608);
#41=PLANE('',#1612);
#42=PLANE('',#1613);
#43=PLANE('',#1617);
#44=PLANE('',#1618);
#45=PLANE('',#1622);
#46=PLANE('',#1623);
#47=PLANE('',#1627);
#48=PLANE('',#1628);
#49=PLANE('',#1632);
#50=PLANE('',#1633);
#51=PLANE('',#1637);
#52=PLANE('',#1638);
#53=PLANE('',#1642);
#54=PLANE('',#1643);
#55=PLANE('',#1647);
#56=PLANE('',#1648);
#57=PLANE('',#1652);
#58=PLANE('',#1653);
#59=PLANE('',#1657);
#60=PLANE('',#1658);
#61=PLANE('',#1662);
#62=PLANE('',#1663);
#63=PLANE('',#1667);
#64=PLANE('',#1668);
#65=PLANE('',#1672);
#66=PLANE('',#1673);
#67=PLANE('',#1677);
#68=PLANE('',#1678);
#69=PLANE('',#1682);
#70=PLANE('',#1683);
#71=PLANE('',#1687);
#72=PLANE('',#1688);
#73=PLANE('',#1692);
#74=PLANE('',#1693);
#75=PLANE('',#1694);
#76=PLANE('',#1695);
#77=PLANE('',#1699);
#78=PLANE('',#1700);
#79=TOROIDAL_SURFACE('',#1538,7.8,1.2);
#80=TOROIDAL_SURFACE('',#1546,8.4,0.6);
#81=FACE_BOUND('',#210,.T.);
#82=FACE_BOUND('',#211,.T.);
#83=FACE_BOUND('',#212,.T.);
#84=FACE_BOUND('',#213,.T.);
#85=FACE_BOUND('',#214,.T.);
#86=FACE_BOUND('',#215,.T.);
#87=FACE_BOUND('',#216,.T.);
#88=FACE_BOUND('',#217,.T.);
#89=FACE_BOUND('',#218,.T.);
#90=FACE_BOUND('',#219,.T.);
#91=FACE_BOUND('',#220,.T.);
#92=FACE_BOUND('',#221,.T.);
#93=FACE_BOUND('',#222,.T.);
#94=FACE_BOUND('',#223,.T.);
#95=FACE_BOUND('',#224,.T.);
#96=FACE_BOUND('',#225,.T.);
#97=FACE_BOUND('',#226,.T.);
#98=FACE_BOUND('',#227,.T.);
#99=FACE_BOUND('',#228,.T.);
#100=FACE_BOUND('',#229,.T.);
#101=FACE_BOUND('',#230,.T.);
#102=FACE_BOUND('',#231,.T.);
#103=FACE_BOUND('',#232,.T.);
#104=FACE_BOUND('',#233,.T.);
#105=FACE_BOUND('',#234,.T.);
#106=FACE_BOUND('',#235,.T.);
#107=FACE_BOUND('',#236,.T.);
#108=FACE_BOUND('',#237,.T.);
#109=FACE_BOUND('',#238,.T.);
#110=FACE_BOUND('',#333,.T.);
#111=FACE_OUTER_BOUND('',#209,.T.);
#112=FACE_OUTER_BOUND('',#239,.T.);
#113=FACE_OUTER_BOUND('',#240,.T.);
#114=FACE_OUTER_BOUND('',#241,.T.);
#115=FACE_OUTER_BOUND('',#242,.T.);
#116=FACE_OUTER_BOUND('',#243,.T.);
#117=FACE_OUTER_BOUND('',#244,.T.);
#118=FACE_OUTER_BOUND('',#245,.T.);
#119=FACE_OUTER_BOUND('',#246,.T.);
#120=FACE_OUTER_BOUND('',#247,.T.);
#121=FACE_OUTER_BOUND('',#248,.T.);
#122=FACE_OUTER_BOUND('',#249,.T.);
#123=FACE_OUTER_BOUND('',#250,.T.);
#124=FACE_OUTER_BOUND('',#251,.T.);
#125=FACE_OUTER_BOUND('',#252,.T.);
#126=FACE_OUTER_BOUND('',#253,.T.);
#127=FACE_OUTER_BOUND('',#254,.T.);
#128=FACE_OUTER_BOUND('',#255,.T.);
#129=FACE_OUTER_BOUND('',#256,.T.);
#130=FACE_OUTER_BOUND('',#257,.T.);
#131=FACE_OUTER_BOUND('',#258,.T.);
#132=FACE_OUTER_BOUND('',#259,.T.);
#133=FACE_OUTER_BOUND('',#260,.T.);
#134=FACE_OUTER_BOUND('',#261,.T.);
#135=FACE_OUTER_BOUND('',#262,.T.);
#136=FACE_OUTER_BOUND('',#263,.T.);
#137=FACE_OUTER_BOUND('',#264,.T.);
#138=FACE_OUTER_BOUND('',#265,.T.);
#139=FACE_OUTER_BOUND('',#266,.T.);
#140=FACE_OUTER_BOUND('',#267,.T.);
#141=FACE_OUTER_BOUND('',#268,.T.);
#142=FACE_OUTER_BOUND('',#269,.T.);
#143=FACE_OUTER_BOUND('',#270,.T.);
#144=FACE_OUTER_BOUND('',#271,.T.);
#145=FACE_OUTER_BOUND('',#272,.T.);
#146=FACE_OUTER_BOUND('',#273,.T.);
#147=FACE_OUTER_BOUND('',#274,.T.);
#148=FACE_OUTER_BOUND('',#275,.T.);
#149=FACE_OUTER_BOUND('',#276,.T.);
#150=FACE_OUTER_BOUND('',#277,.T.);
#151=FACE_OUTER_BOUND('',#278,.T.);
#152=FACE_OUTER_BOUND('',#279,.T.);
#153=FACE_OUTER_BOUND('',#280,.T.);
#154=FACE_OUTER_BOUND('',#281,.T.);
#155=FACE_OUTER_BOUND('',#282,.T.);
#156=FACE_OUTER_BOUND('',#283,.T.);
#157=FACE_OUTER_BOUND('',#284,.T.);
#158=FACE_OUTER_BOUND('',#285,.T.);
#159=FACE_OUTER_BOUND('',#286,.T.);
#160=FACE_OUTER_BOUND('',#287,.T.);
#161=FACE_OUTER_BOUND('',#288,.T.);
#162=FACE_OUTER_BOUND('',#289,.T.);
#163=FACE_OUTER_BOUND('',#290,.T.);
#164=FACE_OUTER_BOUND('',#291,.T.);
#165=FACE_OUTER_BOUND('',#292,.T.);
#166=FACE_OUTER_BOUND('',#293,.T.);
#167=FACE_OUTER_BOUND('',#294,.T.);
#168=FACE_OUTER_BOUND('',#295,.T.);
#169=FACE_OUTER_BOUND('',#296,.T.);
#170=FACE_OUTER_BOUND('',#297,.T.);
#171=FACE_OUTER_BOUND('',#298,.T.);
#172=FACE_OUTER_BOUND('',#299,.T.);
#173=FACE_OUTER_BOUND('',#300,.T.);
#174=FACE_OUTER_BOUND('',#301,.T.);
#175=FACE_OUTER_BOUND('',#302,.T.);
#176=FACE_OUTER_BOUND('',#303,.T.);
#177=FACE_OUTER_BOUND('',#304,.T.);
#178=FACE_OUTER_BOUND('',#305,.T.);
#179=FACE_OUTER_BOUND('',#306,.T.);
#180=FACE_OUTER_BOUND('',#307,.T.);
#181=FACE_OUTER_BOUND('',#308,.T.);
#182=FACE_OUTER_BOUND('',#309,.T.);
#183=FACE_OUTER_BOUND('',#310,.T.);
#184=FACE_OUTER_BOUND('',#311,.T.);
#185=FACE_OUTER_BOUND('',#312,.T.);
#186=FACE_OUTER_BOUND('',#313,.T.);
#187=FACE_OUTER_BOUND('',#314,.T.);
#188=FACE_OUTER_BOUND('',#315,.T.);
#189=FACE_OUTER_BOUND('',#316,.T.);
#190=FACE_OUTER_BOUND('',#317,.T.);
#191=FACE_OUTER_BOUND('',#318,.T.);
#192=FACE_OUTER_BOUND('',#319,.T.);
#193=FACE_OUTER_BOUND('',#320,.T.);
#194=FACE_OUTER_BOUND('',#321,.T.);
#195=FACE_OUTER_BOUND('',#322,.T.);
#196=FACE_OUTER_BOUND('',#323,.T.);
#197=FACE_OUTER_BOUND('',#324,.T.);
#198=FACE_OUTER_BOUND('',#325,.T.);
#199=FACE_OUTER_BOUND('',#326,.T.);
#200=FACE_OUTER_BOUND('',#327,.T.);
#201=FACE_OUTER_BOUND('',#328,.T.);
#202=FACE_OUTER_BOUND('',#329,.T.);
#203=FACE_OUTER_BOUND('',#330,.T.);
#204=FACE_OUTER_BOUND('',#331,.T.);
#205=FACE_OUTER_BOUND('',#332,.T.);
#206=FACE_OUTER_BOUND('',#334,.T.);
#207=FACE_OUTER_BOUND('',#335,.T.);
#208=FACE_OUTER_BOUND('',#336,.T.);
#209=EDGE_LOOP('',(#931,#932,#933,#934,#935,#936,#937,#938,#939,#940,#941,
#942,#943,#944));
#210=EDGE_LOOP('',(#945,#946,#947,#948));
#211=EDGE_LOOP('',(#949,#950,#951,#952));
#212=EDGE_LOOP('',(#953,#954,#955,#956));
#213=EDGE_LOOP('',(#957,#958,#959,#960));
#214=EDGE_LOOP('',(#961,#962,#963,#964));
#215=EDGE_LOOP('',(#965,#966,#967,#968));
#216=EDGE_LOOP('',(#969,#970,#971,#972));
#217=EDGE_LOOP('',(#973,#974,#975,#976));
#218=EDGE_LOOP('',(#977,#978,#979,#980));
#219=EDGE_LOOP('',(#981,#982,#983,#984));
#220=EDGE_LOOP('',(#985,#986,#987,#988));
#221=EDGE_LOOP('',(#989,#990,#991,#992));
#222=EDGE_LOOP('',(#993,#994,#995,#996));
#223=EDGE_LOOP('',(#997,#998,#999,#1000));
#224=EDGE_LOOP('',(#1001,#1002,#1003,#1004));
#225=EDGE_LOOP('',(#1005,#1006,#1007,#1008));
#226=EDGE_LOOP('',(#1009,#1010,#1011,#1012));
#227=EDGE_LOOP('',(#1013,#1014,#1015,#1016));
#228=EDGE_LOOP('',(#1017,#1018,#1019,#1020));
#229=EDGE_LOOP('',(#1021,#1022,#1023,#1024));
#230=EDGE_LOOP('',(#1025,#1026,#1027,#1028));
#231=EDGE_LOOP('',(#1029,#1030,#1031,#1032));
#232=EDGE_LOOP('',(#1033,#1034,#1035,#1036));
#233=EDGE_LOOP('',(#1037,#1038,#1039,#1040));
#234=EDGE_LOOP('',(#1041,#1042,#1043,#1044));
#235=EDGE_LOOP('',(#1045,#1046,#1047,#1048));
#236=EDGE_LOOP('',(#1049,#1050,#1051,#1052));
#237=EDGE_LOOP('',(#1053,#1054,#1055,#1056));
#238=EDGE_LOOP('',(#1057,#1058,#1059,#1060));
#239=EDGE_LOOP('',(#1061,#1062,#1063,#1064,#1065));
#240=EDGE_LOOP('',(#1066,#1067,#1068));
#241=EDGE_LOOP('',(#1069,#1070,#1071,#1072));
#242=EDGE_LOOP('',(#1073,#1074,#1075));
#243=EDGE_LOOP('',(#1076,#1077,#1078,#1079,#1080));
#244=EDGE_LOOP('',(#1081,#1082,#1083,#1084));
#245=EDGE_LOOP('',(#1085,#1086));
#246=EDGE_LOOP('',(#1087,#1088));
#247=EDGE_LOOP('',(#1089,#1090,#1091,#1092));
#248=EDGE_LOOP('',(#1093,#1094));
#249=EDGE_LOOP('',(#1095,#1096));
#250=EDGE_LOOP('',(#1097,#1098,#1099,#1100));
#251=EDGE_LOOP('',(#1101,#1102));
#252=EDGE_LOOP('',(#1103,#1104));
#253=EDGE_LOOP('',(#1105,#1106,#1107,#1108));
#254=EDGE_LOOP('',(#1109,#1110));
#255=EDGE_LOOP('',(#1111,#1112));
#256=EDGE_LOOP('',(#1113,#1114,#1115,#1116));
#257=EDGE_LOOP('',(#1117,#1118));
#258=EDGE_LOOP('',(#1119,#1120));
#259=EDGE_LOOP('',(#1121,#1122,#1123,#1124));
#260=EDGE_LOOP('',(#1125,#1126));
#261=EDGE_LOOP('',(#1127,#1128));
#262=EDGE_LOOP('',(#1129,#1130,#1131,#1132));
#263=EDGE_LOOP('',(#1133,#1134));
#264=EDGE_LOOP('',(#1135,#1136));
#265=EDGE_LOOP('',(#1137,#1138,#1139,#1140));
#266=EDGE_LOOP('',(#1141,#1142));
#267=EDGE_LOOP('',(#1143,#1144));
#268=EDGE_LOOP('',(#1145,#1146,#1147,#1148));
#269=EDGE_LOOP('',(#1149,#1150));
#270=EDGE_LOOP('',(#1151,#1152));
#271=EDGE_LOOP('',(#1153,#1154,#1155,#1156));
#272=EDGE_LOOP('',(#1157,#1158));
#273=EDGE_LOOP('',(#1159,#1160));
#274=EDGE_LOOP('',(#1161,#1162,#1163,#1164));
#275=EDGE_LOOP('',(#1165,#1166));
#276=EDGE_LOOP('',(#1167,#1168));
#277=EDGE_LOOP('',(#1169,#1170,#1171,#1172));
#278=EDGE_LOOP('',(#1173,#1174));
#279=EDGE_LOOP('',(#1175,#1176));
#280=EDGE_LOOP('',(#1177,#1178,#1179,#1180));
#281=EDGE_LOOP('',(#1181,#1182));
#282=EDGE_LOOP('',(#1183,#1184));
#283=EDGE_LOOP('',(#1185,#1186,#1187,#1188));
#284=EDGE_LOOP('',(#1189,#1190));
#285=EDGE_LOOP('',(#1191,#1192));
#286=EDGE_LOOP('',(#1193,#1194,#1195,#1196));
#287=EDGE_LOOP('',(#1197,#1198));
#288=EDGE_LOOP('',(#1199,#1200));
#289=EDGE_LOOP('',(#1201,#1202,#1203,#1204));
#290=EDGE_LOOP('',(#1205,#1206));
#291=EDGE_LOOP('',(#1207,#1208));
#292=EDGE_LOOP('',(#1209,#1210,#1211,#1212));
#293=EDGE_LOOP('',(#1213,#1214));
#294=EDGE_LOOP('',(#1215,#1216));
#295=EDGE_LOOP('',(#1217,#1218,#1219,#1220));
#296=EDGE_LOOP('',(#1221,#1222));
#297=EDGE_LOOP('',(#1223,#1224));
#298=EDGE_LOOP('',(#1225,#1226,#1227,#1228));
#299=EDGE_LOOP('',(#1229,#1230));
#300=EDGE_LOOP('',(#1231,#1232));
#301=EDGE_LOOP('',(#1233,#1234,#1235,#1236));
#302=EDGE_LOOP('',(#1237,#1238));
#303=EDGE_LOOP('',(#1239,#1240));
#304=EDGE_LOOP('',(#1241,#1242,#1243,#1244));
#305=EDGE_LOOP('',(#1245,#1246));
#306=EDGE_LOOP('',(#1247,#1248));
#307=EDGE_LOOP('',(#1249,#1250,#1251,#1252));
#308=EDGE_LOOP('',(#1253,#1254));
#309=EDGE_LOOP('',(#1255,#1256));
#310=EDGE_LOOP('',(#1257,#1258,#1259,#1260));
#311=EDGE_LOOP('',(#1261,#1262));
#312=EDGE_LOOP('',(#1263,#1264));
#313=EDGE_LOOP('',(#1265,#1266,#1267,#1268));
#314=EDGE_LOOP('',(#1269,#1270));
#315=EDGE_LOOP('',(#1271,#1272));
#316=EDGE_LOOP('',(#1273,#1274,#1275,#1276));
#317=EDGE_LOOP('',(#1277,#1278));
#318=EDGE_LOOP('',(#1279,#1280));
#319=EDGE_LOOP('',(#1281,#1282,#1283,#1284));
#320=EDGE_LOOP('',(#1285,#1286));
#321=EDGE_LOOP('',(#1287,#1288));
#322=EDGE_LOOP('',(#1289,#1290,#1291,#1292));
#323=EDGE_LOOP('',(#1293,#1294));
#324=EDGE_LOOP('',(#1295,#1296));
#325=EDGE_LOOP('',(#1297,#1298,#1299,#1300));
#326=EDGE_LOOP('',(#1301,#1302));
#327=EDGE_LOOP('',(#1303,#1304));
#328=EDGE_LOOP('',(#1305,#1306,#1307,#1308));
#329=EDGE_LOOP('',(#1309,#1310));
#330=EDGE_LOOP('',(#1311,#1312));
#331=EDGE_LOOP('',(#1313));
#332=EDGE_LOOP('',(#1314));
#333=EDGE_LOOP('',(#1315,#1316));
#334=EDGE_LOOP('',(#1317,#1318,#1319,#1320));
#335=EDGE_LOOP('',(#1321,#1322,#1323,#1324));
#336=EDGE_LOOP('',(#1325,#1326));
#337=LINE('',#2235,#403);
#338=LINE('',#2239,#404);
#339=LINE('',#2243,#405);
#340=LINE('',#2250,#406);
#341=LINE('',#2255,#407);
#342=LINE('',#2259,#408);
#343=LINE('',#2263,#409);
#344=LINE('',#2267,#410);
#345=LINE('',#2271,#411);
#346=LINE('',#2275,#412);
#347=LINE('',#2279,#413);
#348=LINE('',#2283,#414);
#349=LINE('',#2287,#415);
#350=LINE('',#2291,#416);
#351=LINE('',#2295,#417);
#352=LINE('',#2299,#418);
#353=LINE('',#2303,#419);
#354=LINE('',#2307,#420);
#355=LINE('',#2311,#421);
#356=LINE('',#2315,#422);
#357=LINE('',#2319,#423);
#358=LINE('',#2323,#424);
#359=LINE('',#2327,#425);
#360=LINE('',#2331,#426);
#361=LINE('',#2335,#427);
#362=LINE('',#2339,#428);
#363=LINE('',#2343,#429);
#364=LINE('',#2347,#430);
#365=LINE('',#2351,#431);
#366=LINE('',#2355,#432);
#367=LINE('',#2359,#433);
#368=LINE('',#2363,#434);
#369=LINE('',#2367,#435);
#370=LINE('',#2371,#436);
#371=LINE('',#2375,#437);
#372=LINE('',#2379,#438);
#373=LINE('',#2383,#439);
#374=LINE('',#2387,#440);
#375=LINE('',#2391,#441);
#376=LINE('',#2395,#442);
#377=LINE('',#2399,#443);
#378=LINE('',#2403,#444);
#379=LINE('',#2407,#445);
#380=LINE('',#2411,#446);
#381=LINE('',#2415,#447);
#382=LINE('',#2419,#448);
#383=LINE('',#2423,#449);
#384=LINE('',#2427,#450);
#385=LINE('',#2431,#451);
#386=LINE('',#2435,#452);
#387=LINE('',#2439,#453);
#388=LINE('',#2443,#454);
#389=LINE('',#2447,#455);
#390=LINE('',#2451,#456);
#391=LINE('',#2455,#457);
#392=LINE('',#2459,#458);
#393=LINE('',#2463,#459);
#394=LINE('',#2467,#460);
#395=LINE('',#2471,#461);
#396=LINE('',#2475,#462);
#397=LINE('',#2479,#463);
#398=LINE('',#2483,#464);
#399=LINE('',#2648,#465);
#400=LINE('',#2651,#466);
#401=LINE('',#2654,#467);
#402=LINE('',#2656,#468);
#403=VECTOR('',#1707,9.);
#404=VECTOR('',#1710,1.);
#405=VECTOR('',#1713,9.);
#406=VECTOR('',#1720,1.);
#407=VECTOR('',#1725,1.);
#408=VECTOR('',#1728,1.);
#409=VECTOR('',#1731,1.);
#410=VECTOR('',#1734,1.);
#411=VECTOR('',#1737,1.);
#412=VECTOR('',#1740,1.);
#413=VECTOR('',#1743,1.);
#414=VECTOR('',#1746,1.);
#415=VECTOR('',#1749,1.);
#416=VECTOR('',#1752,1.);
#417=VECTOR('',#1755,1.);
#418=VECTOR('',#1758,1.);
#419=VECTOR('',#1761,1.);
#420=VECTOR('',#1764,1.);
#421=VECTOR('',#1767,1.);
#422=VECTOR('',#1770,1.);
#423=VECTOR('',#1773,1.);
#424=VECTOR('',#1776,1.);
#425=VECTOR('',#1779,1.);
#426=VECTOR('',#1782,1.);
#427=VECTOR('',#1785,1.);
#428=VECTOR('',#1788,1.);
#429=VECTOR('',#1791,1.);
#430=VECTOR('',#1794,1.);
#431=VECTOR('',#1797,1.);
#432=VECTOR('',#1800,1.);
#433=VECTOR('',#1803,1.);
#434=VECTOR('',#1806,1.);
#435=VECTOR('',#1809,1.);
#436=VECTOR('',#1812,1.);
#437=VECTOR('',#1815,1.);
#438=VECTOR('',#1818,1.);
#439=VECTOR('',#1821,1.);
#440=VECTOR('',#1824,1.);
#441=VECTOR('',#1827,1.);
#442=VECTOR('',#1830,1.);
#443=VECTOR('',#1833,1.);
#444=VECTOR('',#1836,1.);
#445=VECTOR('',#1839,1.);
#446=VECTOR('',#1842,1.);
#447=VECTOR('',#1845,1.);
#448=VECTOR('',#1848,1.);
#449=VECTOR('',#1851,1.);
#450=VECTOR('',#1854,1.);
#451=VECTOR('',#1857,1.);
#452=VECTOR('',#1860,1.);
#453=VECTOR('',#1863,1.);
#454=VECTOR('',#1866,1.);
#455=VECTOR('',#1869,1.);
#456=VECTOR('',#1872,1.);
#457=VECTOR('',#1875,1.);
#458=VECTOR('',#1878,1.);
#459=VECTOR('',#1881,1.);
#460=VECTOR('',#1884,1.);
#461=VECTOR('',#1887,1.);
#462=VECTOR('',#1890,1.);
#463=VECTOR('',#1893,1.);
#464=VECTOR('',#1896,1.);
#465=VECTOR('',#2217,1.);
#466=VECTOR('',#2220,1.);
#467=VECTOR('',#2223,1.);
#468=VECTOR('',#2226,1.);
#469=CIRCLE('',#1472,9.);
#470=CIRCLE('',#1473,9.);
#471=CIRCLE('',#1474,9.);
#472=CIRCLE('',#1475,9.);
#473=CIRCLE('',#1476,9.);
#474=CIRCLE('',#1477,9.);
#475=CIRCLE('',#1478,9.);
#476=CIRCLE('',#1479,9.);
#477=CIRCLE('',#1480,9.);
#478=CIRCLE('',#1481,9.);
#479=CIRCLE('',#1482,9.);
#480=CIRCLE('',#1483,9.);
#481=CIRCLE('',#1484,9.);
#482=CIRCLE('',#1485,9.);
#483=CIRCLE('',#1486,9.);
#484=CIRCLE('',#1487,9.);
#485=CIRCLE('',#1488,9.);
#486=CIRCLE('',#1489,9.);
#487=CIRCLE('',#1490,9.);
#488=CIRCLE('',#1491,9.);
#489=CIRCLE('',#1492,9.);
#490=CIRCLE('',#1493,9.);
#491=CIRCLE('',#1494,9.);
#492=CIRCLE('',#1495,9.);
#493=CIRCLE('',#1496,9.);
#494=CIRCLE('',#1497,9.);
#495=CIRCLE('',#1498,9.);
#496=CIRCLE('',#1499,9.);
#497=CIRCLE('',#1500,9.);
#498=CIRCLE('',#1501,9.);
#499=CIRCLE('',#1502,9.);
#500=CIRCLE('',#1503,9.);
#501=CIRCLE('',#1504,9.);
#502=CIRCLE('',#1505,9.);
#503=CIRCLE('',#1506,9.);
#504=CIRCLE('',#1507,9.);
#505=CIRCLE('',#1508,9.);
#506=CIRCLE('',#1509,9.);
#507=CIRCLE('',#1510,9.);
#508=CIRCLE('',#1511,9.);
#509=CIRCLE('',#1512,9.);
#510=CIRCLE('',#1513,9.);
#511=CIRCLE('',#1514,9.);
#512=CIRCLE('',#1515,9.);
#513=CIRCLE('',#1516,9.);
#514=CIRCLE('',#1517,9.);
#515=CIRCLE('',#1518,9.);
#516=CIRCLE('',#1519,9.);
#517=CIRCLE('',#1520,9.);
#518=CIRCLE('',#1521,9.);
#519=CIRCLE('',#1522,9.);
#520=CIRCLE('',#1523,9.);
#521=CIRCLE('',#1524,9.);
#522=CIRCLE('',#1525,9.);
#523=CIRCLE('',#1526,9.);
#524=CIRCLE('',#1527,9.);
#525=CIRCLE('',#1528,9.);
#526=CIRCLE('',#1529,9.);
#527=CIRCLE('',#1530,9.);
#528=CIRCLE('',#1531,9.);
#529=CIRCLE('',#1532,9.);
#530=CIRCLE('',#1533,9.);
#531=CIRCLE('',#1534,9.);
#532=CIRCLE('',#1535,9.);
#533=CIRCLE('',#1536,9.);
#534=CIRCLE('',#1537,9.);
#535=CIRCLE('',#1539,7.8);
#536=CIRCLE('',#1540,1.2);
#537=CIRCLE('',#1542,0.9);
#538=CIRCLE('',#1544,0.9);
#539=CIRCLE('',#1547,8.4);
#540=CIRCLE('',#1548,0.6);
#541=CIRCLE('',#1550,0.9);
#542=CIRCLE('',#1551,0.9);
#543=CIRCLE('',#1555,0.9);
#544=CIRCLE('',#1556,0.9);
#545=CIRCLE('',#1560,0.9);
#546=CIRCLE('',#1561,0.9);
#547=CIRCLE('',#1565,0.9);
#548=CIRCLE('',#1566,0.9);
#549=CIRCLE('',#1570,0.9);
#550=CIRCLE('',#1571,0.9);
#551=CIRCLE('',#1575,0.9);
#552=CIRCLE('',#1576,0.9);
#553=CIRCLE('',#1580,0.9);
#554=CIRCLE('',#1581,0.9);
#555=CIRCLE('',#1585,0.9);
#556=CIRCLE('',#1586,0.9);
#557=CIRCLE('',#1590,0.9);
#558=CIRCLE('',#1591,0.9);
#559=CIRCLE('',#1595,0.9);
#560=CIRCLE('',#1596,0.9);
#561=CIRCLE('',#1600,0.9);
#562=CIRCLE('',#1601,0.9);
#563=CIRCLE('',#1605,0.9);
#564=CIRCLE('',#1606,0.9);
#565=CIRCLE('',#1610,0.9);
#566=CIRCLE('',#1611,0.9);
#567=CIRCLE('',#1615,0.9);
#568=CIRCLE('',#1616,0.9);
#569=CIRCLE('',#1620,0.9);
#570=CIRCLE('',#1621,0.9);
#571=CIRCLE('',#1625,0.9);
#572=CIRCLE('',#1626,0.9);
#573=CIRCLE('',#1630,0.9);
#574=CIRCLE('',#1631,0.9);
#575=CIRCLE('',#1635,0.9);
#576=CIRCLE('',#1636,0.9);
#577=CIRCLE('',#1640,0.9);
#578=CIRCLE('',#1641,0.9);
#579=CIRCLE('',#1645,0.9);
#580=CIRCLE('',#1646,0.9);
#581=CIRCLE('',#1650,0.9);
#582=CIRCLE('',#1651,0.9);
#583=CIRCLE('',#1655,0.9);
#584=CIRCLE('',#1656,0.9);
#585=CIRCLE('',#1660,0.9);
#586=CIRCLE('',#1661,0.9);
#587=CIRCLE('',#1665,0.9);
#588=CIRCLE('',#1666,0.9);
#589=CIRCLE('',#1670,0.9);
#590=CIRCLE('',#1671,0.9);
#591=CIRCLE('',#1675,0.9);
#592=CIRCLE('',#1676,0.9);
#593=CIRCLE('',#1680,0.9);
#594=CIRCLE('',#1681,0.9);
#595=CIRCLE('',#1685,0.9);
#596=CIRCLE('',#1686,0.9);
#597=CIRCLE('',#1690,0.9);
#598=CIRCLE('',#1691,0.9);
#599=CIRCLE('',#1696,3.15);
#600=CIRCLE('',#1698,3.15);
#601=VERTEX_POINT('',#2231);
#602=VERTEX_POINT('',#2232);
#603=VERTEX_POINT('',#2234);
#604=VERTEX_POINT('',#2236);
#605=VERTEX_POINT('',#2238);
#606=VERTEX_POINT('',#2240);
#607=VERTEX_POINT('',#2242);
#608=VERTEX_POINT('',#2244);
#609=VERTEX_POINT('',#2247);
#610=VERTEX_POINT('',#2249);
#611=VERTEX_POINT('',#2253);
#612=VERTEX_POINT('',#2254);
#613=VERTEX_POINT('',#2256);
#614=VERTEX_POINT('',#2258);
#615=VERTEX_POINT('',#2261);
#616=VERTEX_POINT('',#2262);
#617=VERTEX_POINT('',#2264);
#618=VERTEX_POINT('',#2266);
#619=VERTEX_POINT('',#2269);
#620=VERTEX_POINT('',#2270);
#621=VERTEX_POINT('',#2272);
#622=VERTEX_POINT('',#2274);
#623=VERTEX_POINT('',#2277);
#624=VERTEX_POINT('',#2278);
#625=VERTEX_POINT('',#2280);
#626=VERTEX_POINT('',#2282);
#627=VERTEX_POINT('',#2285);
#628=VERTEX_POINT('',#2286);
#629=VERTEX_POINT('',#2288);
#630=VERTEX_POINT('',#2290);
#631=VERTEX_POINT('',#2293);
#632=VERTEX_POINT('',#2294);
#633=VERTEX_POINT('',#2296);
#634=VERTEX_POINT('',#2298);
#635=VERTEX_POINT('',#2301);
#636=VERTEX_POINT('',#2302);
#637=VERTEX_POINT('',#2304);
#638=VERTEX_POINT('',#2306);
#639=VERTEX_POINT('',#2309);
#640=VERTEX_POINT('',#2310);
#641=VERTEX_POINT('',#2312);
#642=VERTEX_POINT('',#2314);
#643=VERTEX_POINT('',#2317);
#644=VERTEX_POINT('',#2318);
#645=VERTEX_POINT('',#2320);
#646=VERTEX_POINT('',#2322);
#647=VERTEX_POINT('',#2325);
#648=VERTEX_POINT('',#2326);
#649=VERTEX_POINT('',#2328);
#650=VERTEX_POINT('',#2330);
#651=VERTEX_POINT('',#2333);
#652=VERTEX_POINT('',#2334);
#653=VERTEX_POINT('',#2336);
#654=VERTEX_POINT('',#2338);
#655=VERTEX_POINT('',#2341);
#656=VERTEX_POINT('',#2342);
#657=VERTEX_POINT('',#2344);
#658=VERTEX_POINT('',#2346);
#659=VERTEX_POINT('',#2349);
#660=VERTEX_POINT('',#2350);
#661=VERTEX_POINT('',#2352);
#662=VERTEX_POINT('',#2354);
#663=VERTEX_POINT('',#2357);
#664=VERTEX_POINT('',#2358);
#665=VERTEX_POINT('',#2360);
#666=VERTEX_POINT('',#2362);
#667=VERTEX_POINT('',#2365);
#668=VERTEX_POINT('',#2366);
#669=VERTEX_POINT('',#2368);
#670=VERTEX_POINT('',#2370);
#671=VERTEX_POINT('',#2373);
#672=VERTEX_POINT('',#2374);
#673=VERTEX_POINT('',#2376);
#674=VERTEX_POINT('',#2378);
#675=VERTEX_POINT('',#2381);
#676=VERTEX_POINT('',#2382);
#677=VERTEX_POINT('',#2384);
#678=VERTEX_POINT('',#2386);
#679=VERTEX_POINT('',#2389);
#680=VERTEX_POINT('',#2390);
#681=VERTEX_POINT('',#2392);
#682=VERTEX_POINT('',#2394);
#683=VERTEX_POINT('',#2397);
#684=VERTEX_POINT('',#2398);
#685=VERTEX_POINT('',#2400);
#686=VERTEX_POINT('',#2402);
#687=VERTEX_POINT('',#2405);
#688=VERTEX_POINT('',#2406);
#689=VERTEX_POINT('',#2408);
#690=VERTEX_POINT('',#2410);
#691=VERTEX_POINT('',#2413);
#692=VERTEX_POINT('',#2414);
#693=VERTEX_POINT('',#2416);
#694=VERTEX_POINT('',#2418);
#695=VERTEX_POINT('',#2421);
#696=VERTEX_POINT('',#2422);
#697=VERTEX_POINT('',#2424);
#698=VERTEX_POINT('',#2426);
#699=VERTEX_POINT('',#2429);
#700=VERTEX_POINT('',#2430);
#701=VERTEX_POINT('',#2432);
#702=VERTEX_POINT('',#2434);
#703=VERTEX_POINT('',#2437);
#704=VERTEX_POINT('',#2438);
#705=VERTEX_POINT('',#2440);
#706=VERTEX_POINT('',#2442);
#707=VERTEX_POINT('',#2445);
#708=VERTEX_POINT('',#2446);
#709=VERTEX_POINT('',#2448);
#710=VERTEX_POINT('',#2450);
#711=VERTEX_POINT('',#2453);
#712=VERTEX_POINT('',#2454);
#713=VERTEX_POINT('',#2456);
#714=VERTEX_POINT('',#2458);
#715=VERTEX_POINT('',#2461);
#716=VERTEX_POINT('',#2462);
#717=VERTEX_POINT('',#2464);
#718=VERTEX_POINT('',#2466);
#719=VERTEX_POINT('',#2469);
#720=VERTEX_POINT('',#2470);
#721=VERTEX_POINT('',#2472);
#722=VERTEX_POINT('',#2474);
#723=VERTEX_POINT('',#2477);
#724=VERTEX_POINT('',#2478);
#725=VERTEX_POINT('',#2480);
#726=VERTEX_POINT('',#2482);
#727=VERTEX_POINT('',#2486);
#728=VERTEX_POINT('',#2495);
#729=VERTEX_POINT('',#2645);
#730=VERTEX_POINT('',#2646);
#731=VERTEX_POINT('',#2650);
#732=VERTEX_POINT('',#2652);
#733=EDGE_CURVE('',#601,#602,#469,.T.);
#734=EDGE_CURVE('',#601,#603,#337,.T.);
#735=EDGE_CURVE('',#603,#604,#470,.T.);
#736=EDGE_CURVE('',#605,#604,#338,.T.);
#737=EDGE_CURVE('',#606,#605,#471,.T.);
#738=EDGE_CURVE('',#606,#607,#339,.T.);
#739=EDGE_CURVE('',#607,#608,#472,.T.);
#740=EDGE_CURVE('',#608,#607,#473,.T.);
#741=EDGE_CURVE('',#609,#606,#474,.T.);
#742=EDGE_CURVE('',#609,#610,#340,.T.);
#743=EDGE_CURVE('',#610,#603,#475,.T.);
#744=EDGE_CURVE('',#602,#601,#476,.T.);
#745=EDGE_CURVE('',#611,#612,#341,.T.);
#746=EDGE_CURVE('',#613,#611,#477,.T.);
#747=EDGE_CURVE('',#613,#614,#342,.T.);
#748=EDGE_CURVE('',#614,#612,#478,.T.);
#749=EDGE_CURVE('',#615,#616,#343,.T.);
#750=EDGE_CURVE('',#617,#615,#479,.T.);
#751=EDGE_CURVE('',#617,#618,#344,.T.);
#752=EDGE_CURVE('',#618,#616,#480,.T.);
#753=EDGE_CURVE('',#619,#620,#345,.T.);
#754=EDGE_CURVE('',#621,#619,#481,.T.);
#755=EDGE_CURVE('',#621,#622,#346,.T.);
#756=EDGE_CURVE('',#622,#620,#482,.T.);
#757=EDGE_CURVE('',#623,#624,#347,.T.);
#758=EDGE_CURVE('',#625,#623,#483,.T.);
#759=EDGE_CURVE('',#625,#626,#348,.T.);
#760=EDGE_CURVE('',#626,#624,#484,.T.);
#761=EDGE_CURVE('',#627,#628,#349,.T.);
#762=EDGE_CURVE('',#629,#627,#485,.T.);
#763=EDGE_CURVE('',#629,#630,#350,.T.);
#764=EDGE_CURVE('',#630,#628,#486,.T.);
#765=EDGE_CURVE('',#631,#632,#351,.T.);
#766=EDGE_CURVE('',#633,#631,#487,.T.);
#767=EDGE_CURVE('',#633,#634,#352,.T.);
#768=EDGE_CURVE('',#634,#632,#488,.T.);
#769=EDGE_CURVE('',#635,#636,#353,.T.);
#770=EDGE_CURVE('',#637,#635,#489,.T.);
#771=EDGE_CURVE('',#637,#638,#354,.T.);
#772=EDGE_CURVE('',#638,#636,#490,.T.);
#773=EDGE_CURVE('',#639,#640,#355,.T.);
#774=EDGE_CURVE('',#641,#639,#491,.T.);
#775=EDGE_CURVE('',#641,#642,#356,.T.);
#776=EDGE_CURVE('',#642,#640,#492,.T.);
#777=EDGE_CURVE('',#643,#644,#357,.T.);
#778=EDGE_CURVE('',#645,#643,#493,.T.);
#779=EDGE_CURVE('',#645,#646,#358,.T.);
#780=EDGE_CURVE('',#646,#644,#494,.T.);
#781=EDGE_CURVE('',#647,#648,#359,.T.);
#782=EDGE_CURVE('',#649,#647,#495,.T.);
#783=EDGE_CURVE('',#649,#650,#360,.T.);
#784=EDGE_CURVE('',#650,#648,#496,.T.);
#785=EDGE_CURVE('',#651,#652,#361,.T.);
#786=EDGE_CURVE('',#653,#651,#497,.T.);
#787=EDGE_CURVE('',#653,#654,#362,.T.);
#788=EDGE_CURVE('',#654,#652,#498,.T.);
#789=EDGE_CURVE('',#655,#656,#363,.T.);
#790=EDGE_CURVE('',#657,#655,#499,.T.);
#791=EDGE_CURVE('',#657,#658,#364,.T.);
#792=EDGE_CURVE('',#658,#656,#500,.T.);
#793=EDGE_CURVE('',#659,#660,#365,.T.);
#794=EDGE_CURVE('',#661,#659,#501,.T.);
#795=EDGE_CURVE('',#661,#662,#366,.T.);
#796=EDGE_CURVE('',#662,#660,#502,.T.);
#797=EDGE_CURVE('',#663,#664,#367,.T.);
#798=EDGE_CURVE('',#665,#663,#503,.T.);
#799=EDGE_CURVE('',#665,#666,#368,.T.);
#800=EDGE_CURVE('',#666,#664,#504,.T.);
#801=EDGE_CURVE('',#667,#668,#369,.T.);
#802=EDGE_CURVE('',#669,#667,#505,.T.);
#803=EDGE_CURVE('',#669,#670,#370,.T.);
#804=EDGE_CURVE('',#670,#668,#506,.T.);
#805=EDGE_CURVE('',#671,#672,#371,.T.);
#806=EDGE_CURVE('',#673,#671,#507,.T.);
#807=EDGE_CURVE('',#673,#674,#372,.T.);
#808=EDGE_CURVE('',#674,#672,#508,.T.);
#809=EDGE_CURVE('',#675,#676,#373,.T.);
#810=EDGE_CURVE('',#677,#675,#509,.T.);
#811=EDGE_CURVE('',#677,#678,#374,.T.);
#812=EDGE_CURVE('',#678,#676,#510,.T.);
#813=EDGE_CURVE('',#679,#680,#375,.T.);
#814=EDGE_CURVE('',#681,#679,#511,.T.);
#815=EDGE_CURVE('',#681,#682,#376,.T.);
#816=EDGE_CURVE('',#682,#680,#512,.T.);
#817=EDGE_CURVE('',#683,#684,#377,.T.);
#818=EDGE_CURVE('',#685,#683,#513,.T.);
#819=EDGE_CURVE('',#685,#686,#378,.T.);
#820=EDGE_CURVE('',#686,#684,#514,.T.);
#821=EDGE_CURVE('',#687,#688,#379,.T.);
#822=EDGE_CURVE('',#689,#687,#515,.T.);
#823=EDGE_CURVE('',#689,#690,#380,.T.);
#824=EDGE_CURVE('',#690,#688,#516,.T.);
#825=EDGE_CURVE('',#691,#692,#381,.T.);
#826=EDGE_CURVE('',#693,#691,#517,.T.);
#827=EDGE_CURVE('',#693,#694,#382,.T.);
#828=EDGE_CURVE('',#694,#692,#518,.T.);
#829=EDGE_CURVE('',#695,#696,#383,.T.);
#830=EDGE_CURVE('',#697,#695,#519,.T.);
#831=EDGE_CURVE('',#697,#698,#384,.T.);
#832=EDGE_CURVE('',#698,#696,#520,.T.);
#833=EDGE_CURVE('',#699,#700,#385,.T.);
#834=EDGE_CURVE('',#701,#699,#521,.T.);
#835=EDGE_CURVE('',#701,#702,#386,.T.);
#836=EDGE_CURVE('',#702,#700,#522,.T.);
#837=EDGE_CURVE('',#703,#704,#387,.T.);
#838=EDGE_CURVE('',#705,#703,#523,.T.);
#839=EDGE_CURVE('',#705,#706,#388,.T.);
#840=EDGE_CURVE('',#706,#704,#524,.T.);
#841=EDGE_CURVE('',#707,#708,#389,.T.);
#842=EDGE_CURVE('',#709,#707,#525,.T.);
#843=EDGE_CURVE('',#709,#710,#390,.T.);
#844=EDGE_CURVE('',#710,#708,#526,.T.);
#845=EDGE_CURVE('',#711,#712,#391,.T.);
#846=EDGE_CURVE('',#713,#711,#527,.T.);
#847=EDGE_CURVE('',#713,#714,#392,.T.);
#848=EDGE_CURVE('',#714,#712,#528,.T.);
#849=EDGE_CURVE('',#715,#716,#393,.T.);
#850=EDGE_CURVE('',#717,#715,#529,.T.);
#851=EDGE_CURVE('',#717,#718,#394,.T.);
#852=EDGE_CURVE('',#718,#716,#530,.T.);
#853=EDGE_CURVE('',#719,#720,#395,.T.);
#854=EDGE_CURVE('',#721,#719,#531,.T.);
#855=EDGE_CURVE('',#721,#722,#396,.T.);
#856=EDGE_CURVE('',#722,#720,#532,.T.);
#857=EDGE_CURVE('',#723,#724,#397,.T.);
#858=EDGE_CURVE('',#725,#723,#533,.T.);
#859=EDGE_CURVE('',#725,#726,#398,.T.);
#860=EDGE_CURVE('',#726,#724,#534,.T.);
#861=EDGE_CURVE('',#727,#727,#535,.T.);
#862=EDGE_CURVE('',#727,#602,#536,.T.);
#863=EDGE_CURVE('',#604,#610,#537,.T.);
#864=EDGE_CURVE('',#605,#609,#538,.T.);
#865=EDGE_CURVE('',#728,#728,#539,.T.);
#866=EDGE_CURVE('',#728,#608,#540,.T.);
#867=EDGE_CURVE('',#611,#613,#541,.T.);
#868=EDGE_CURVE('',#612,#614,#542,.T.);
#869=EDGE_CURVE('',#615,#617,#543,.T.);
#870=EDGE_CURVE('',#616,#618,#544,.T.);
#871=EDGE_CURVE('',#619,#621,#545,.T.);
#872=EDGE_CURVE('',#620,#622,#546,.T.);
#873=EDGE_CURVE('',#623,#625,#547,.T.);
#874=EDGE_CURVE('',#624,#626,#548,.T.);
#875=EDGE_CURVE('',#627,#629,#549,.T.);
#876=EDGE_CURVE('',#628,#630,#550,.T.);
#877=EDGE_CURVE('',#631,#633,#551,.T.);
#878=EDGE_CURVE('',#632,#634,#552,.T.);
#879=EDGE_CURVE('',#635,#637,#553,.T.);
#880=EDGE_CURVE('',#636,#638,#554,.T.);
#881=EDGE_CURVE('',#639,#641,#555,.T.);
#882=EDGE_CURVE('',#640,#642,#556,.T.);
#883=EDGE_CURVE('',#643,#645,#557,.T.);
#884=EDGE_CURVE('',#644,#646,#558,.T.);
#885=EDGE_CURVE('',#647,#649,#559,.T.);
#886=EDGE_CURVE('',#648,#650,#560,.T.);
#887=EDGE_CURVE('',#651,#653,#561,.T.);
#888=EDGE_CURVE('',#652,#654,#562,.T.);
#889=EDGE_CURVE('',#655,#657,#563,.T.);
#890=EDGE_CURVE('',#656,#658,#564,.T.);
#891=EDGE_CURVE('',#659,#661,#565,.T.);
#892=EDGE_CURVE('',#660,#662,#566,.T.);
#893=EDGE_CURVE('',#663,#665,#567,.T.);
#894=EDGE_CURVE('',#664,#666,#568,.T.);
#895=EDGE_CURVE('',#667,#669,#569,.T.);
#896=EDGE_CURVE('',#668,#670,#570,.T.);
#897=EDGE_CURVE('',#671,#673,#571,.T.);
#898=EDGE_CURVE('',#672,#674,#572,.T.);
#899=EDGE_CURVE('',#675,#677,#573,.T.);
#900=EDGE_CURVE('',#676,#678,#574,.T.);
#901=EDGE_CURVE('',#679,#681,#575,.T.);
#902=EDGE_CURVE('',#680,#682,#576,.T.);
#903=EDGE_CURVE('',#683,#685,#577,.T.);
#904=EDGE_CURVE('',#684,#686,#578,.T.);
#905=EDGE_CURVE('',#687,#689,#579,.T.);
#906=EDGE_CURVE('',#688,#690,#580,.T.);
#907=EDGE_CURVE('',#691,#693,#581,.T.);
#908=EDGE_CURVE('',#692,#694,#582,.T.);
#909=EDGE_CURVE('',#695,#697,#583,.T.);
#910=EDGE_CURVE('',#696,#698,#584,.T.);
#911=EDGE_CURVE('',#699,#701,#585,.T.);
#912=EDGE_CURVE('',#700,#702,#586,.T.);
#913=EDGE_CURVE('',#703,#705,#587,.T.);
#914=EDGE_CURVE('',#704,#706,#588,.T.);
#915=EDGE_CURVE('',#707,#709,#589,.T.);
#916=EDGE_CURVE('',#708,#710,#590,.T.);
#917=EDGE_CURVE('',#711,#713,#591,.T.);
#918=EDGE_CURVE('',#712,#714,#592,.T.);
#919=EDGE_CURVE('',#715,#717,#593,.T.);
#920=EDGE_CURVE('',#716,#718,#594,.T.);
#921=EDGE_CURVE('',#719,#721,#595,.T.);
#922=EDGE_CURVE('',#720,#722,#596,.T.);
#923=EDGE_CURVE('',#723,#725,#597,.T.);
#924=EDGE_CURVE('',#724,#726,#598,.T.);
#925=EDGE_CURVE('',#729,#730,#599,.T.);
#926=EDGE_CURVE('',#730,#729,#399,.T.);
#927=EDGE_CURVE('',#730,#731,#400,.T.);
#928=EDGE_CURVE('',#731,#732,#600,.T.);
#929=EDGE_CURVE('',#732,#729,#401,.T.);
#930=EDGE_CURVE('',#731,#732,#402,.T.);
#931=ORIENTED_EDGE('',*,*,#733,.F.);
#932=ORIENTED_EDGE('',*,*,#734,.T.);
#933=ORIENTED_EDGE('',*,*,#735,.T.);
#934=ORIENTED_EDGE('',*,*,#736,.F.);
#935=ORIENTED_EDGE('',*,*,#737,.F.);
#936=ORIENTED_EDGE('',*,*,#738,.T.);
#937=ORIENTED_EDGE('',*,*,#739,.T.);
#938=ORIENTED_EDGE('',*,*,#740,.T.);
#939=ORIENTED_EDGE('',*,*,#738,.F.);
#940=ORIENTED_EDGE('',*,*,#741,.F.);
#941=ORIENTED_EDGE('',*,*,#742,.T.);
#942=ORIENTED_EDGE('',*,*,#743,.T.);
#943=ORIENTED_EDGE('',*,*,#734,.F.);
#944=ORIENTED_EDGE('',*,*,#744,.F.);
#945=ORIENTED_EDGE('',*,*,#745,.F.);
#946=ORIENTED_EDGE('',*,*,#746,.F.);
#947=ORIENTED_EDGE('',*,*,#747,.T.);
#948=ORIENTED_EDGE('',*,*,#748,.T.);
#949=ORIENTED_EDGE('',*,*,#749,.F.);
#950=ORIENTED_EDGE('',*,*,#750,.F.);
#951=ORIENTED_EDGE('',*,*,#751,.T.);
#952=ORIENTED_EDGE('',*,*,#752,.T.);
#953=ORIENTED_EDGE('',*,*,#753,.F.);
#954=ORIENTED_EDGE('',*,*,#754,.F.);
#955=ORIENTED_EDGE('',*,*,#755,.T.);
#956=ORIENTED_EDGE('',*,*,#756,.T.);
#957=ORIENTED_EDGE('',*,*,#757,.F.);
#958=ORIENTED_EDGE('',*,*,#758,.F.);
#959=ORIENTED_EDGE('',*,*,#759,.T.);
#960=ORIENTED_EDGE('',*,*,#760,.T.);
#961=ORIENTED_EDGE('',*,*,#761,.F.);
#962=ORIENTED_EDGE('',*,*,#762,.F.);
#963=ORIENTED_EDGE('',*,*,#763,.T.);
#964=ORIENTED_EDGE('',*,*,#764,.T.);
#965=ORIENTED_EDGE('',*,*,#765,.F.);
#966=ORIENTED_EDGE('',*,*,#766,.F.);
#967=ORIENTED_EDGE('',*,*,#767,.T.);
#968=ORIENTED_EDGE('',*,*,#768,.T.);
#969=ORIENTED_EDGE('',*,*,#769,.F.);
#970=ORIENTED_EDGE('',*,*,#770,.F.);
#971=ORIENTED_EDGE('',*,*,#771,.T.);
#972=ORIENTED_EDGE('',*,*,#772,.T.);
#973=ORIENTED_EDGE('',*,*,#773,.F.);
#974=ORIENTED_EDGE('',*,*,#774,.F.);
#975=ORIENTED_EDGE('',*,*,#775,.T.);
#976=ORIENTED_EDGE('',*,*,#776,.T.);
#977=ORIENTED_EDGE('',*,*,#777,.F.);
#978=ORIENTED_EDGE('',*,*,#778,.F.);
#979=ORIENTED_EDGE('',*,*,#779,.T.);
#980=ORIENTED_EDGE('',*,*,#780,.T.);
#981=ORIENTED_EDGE('',*,*,#781,.F.);
#982=ORIENTED_EDGE('',*,*,#782,.F.);
#983=ORIENTED_EDGE('',*,*,#783,.T.);
#984=ORIENTED_EDGE('',*,*,#784,.T.);
#985=ORIENTED_EDGE('',*,*,#785,.F.);
#986=ORIENTED_EDGE('',*,*,#786,.F.);
#987=ORIENTED_EDGE('',*,*,#787,.T.);
#988=ORIENTED_EDGE('',*,*,#788,.T.);
#989=ORIENTED_EDGE('',*,*,#789,.F.);
#990=ORIENTED_EDGE('',*,*,#790,.F.);
#991=ORIENTED_EDGE('',*,*,#791,.T.);
#992=ORIENTED_EDGE('',*,*,#792,.T.);
#993=ORIENTED_EDGE('',*,*,#793,.F.);
#994=ORIENTED_EDGE('',*,*,#794,.F.);
#995=ORIENTED_EDGE('',*,*,#795,.T.);
#996=ORIENTED_EDGE('',*,*,#796,.T.);
#997=ORIENTED_EDGE('',*,*,#797,.F.);
#998=ORIENTED_EDGE('',*,*,#798,.F.);
#999=ORIENTED_EDGE('',*,*,#799,.T.);
#1000=ORIENTED_EDGE('',*,*,#800,.T.);
#1001=ORIENTED_EDGE('',*,*,#801,.F.);
#1002=ORIENTED_EDGE('',*,*,#802,.F.);
#1003=ORIENTED_EDGE('',*,*,#803,.T.);
#1004=ORIENTED_EDGE('',*,*,#804,.T.);
#1005=ORIENTED_EDGE('',*,*,#805,.F.);
#1006=ORIENTED_EDGE('',*,*,#806,.F.);
#1007=ORIENTED_EDGE('',*,*,#807,.T.);
#1008=ORIENTED_EDGE('',*,*,#808,.T.);
#1009=ORIENTED_EDGE('',*,*,#809,.F.);
#1010=ORIENTED_EDGE('',*,*,#810,.F.);
#1011=ORIENTED_EDGE('',*,*,#811,.T.);
#1012=ORIENTED_EDGE('',*,*,#812,.T.);
#1013=ORIENTED_EDGE('',*,*,#813,.F.);
#1014=ORIENTED_EDGE('',*,*,#814,.F.);
#1015=ORIENTED_EDGE('',*,*,#815,.T.);
#1016=ORIENTED_EDGE('',*,*,#816,.T.);
#1017=ORIENTED_EDGE('',*,*,#817,.F.);
#1018=ORIENTED_EDGE('',*,*,#818,.F.);
#1019=ORIENTED_EDGE('',*,*,#819,.T.);
#1020=ORIENTED_EDGE('',*,*,#820,.T.);
#1021=ORIENTED_EDGE('',*,*,#821,.F.);
#1022=ORIENTED_EDGE('',*,*,#822,.F.);
#1023=ORIENTED_EDGE('',*,*,#823,.T.);
#1024=ORIENTED_EDGE('',*,*,#824,.T.);
#1025=ORIENTED_EDGE('',*,*,#825,.F.);
#1026=ORIENTED_EDGE('',*,*,#826,.F.);
#1027=ORIENTED_EDGE('',*,*,#827,.T.);
#1028=ORIENTED_EDGE('',*,*,#828,.T.);
#1029=ORIENTED_EDGE('',*,*,#829,.F.);
#1030=ORIENTED_EDGE('',*,*,#830,.F.);
#1031=ORIENTED_EDGE('',*,*,#831,.T.);
#1032=ORIENTED_EDGE('',*,*,#832,.T.);
#1033=ORIENTED_EDGE('',*,*,#833,.F.);
#1034=ORIENTED_EDGE('',*,*,#834,.F.);
#1035=ORIENTED_EDGE('',*,*,#835,.T.);
#1036=ORIENTED_EDGE('',*,*,#836,.T.);
#1037=ORIENTED_EDGE('',*,*,#837,.F.);
#1038=ORIENTED_EDGE('',*,*,#838,.F.);
#1039=ORIENTED_EDGE('',*,*,#839,.T.);
#1040=ORIENTED_EDGE('',*,*,#840,.T.);
#1041=ORIENTED_EDGE('',*,*,#841,.F.);
#1042=ORIENTED_EDGE('',*,*,#842,.F.);
#1043=ORIENTED_EDGE('',*,*,#843,.T.);
#1044=ORIENTED_EDGE('',*,*,#844,.T.);
#1045=ORIENTED_EDGE('',*,*,#845,.F.);
#1046=ORIENTED_EDGE('',*,*,#846,.F.);
#1047=ORIENTED_EDGE('',*,*,#847,.T.);
#1048=ORIENTED_EDGE('',*,*,#848,.T.);
#1049=ORIENTED_EDGE('',*,*,#849,.F.);
#1050=ORIENTED_EDGE('',*,*,#850,.F.);
#1051=ORIENTED_EDGE('',*,*,#851,.T.);
#1052=ORIENTED_EDGE('',*,*,#852,.T.);
#1053=ORIENTED_EDGE('',*,*,#853,.F.);
#1054=ORIENTED_EDGE('',*,*,#854,.F.);
#1055=ORIENTED_EDGE('',*,*,#855,.T.);
#1056=ORIENTED_EDGE('',*,*,#856,.T.);
#1057=ORIENTED_EDGE('',*,*,#857,.F.);
#1058=ORIENTED_EDGE('',*,*,#858,.F.);
#1059=ORIENTED_EDGE('',*,*,#859,.T.);
#1060=ORIENTED_EDGE('',*,*,#860,.T.);
#1061=ORIENTED_EDGE('',*,*,#861,.F.);
#1062=ORIENTED_EDGE('',*,*,#862,.T.);
#1063=ORIENTED_EDGE('',*,*,#744,.T.);
#1064=ORIENTED_EDGE('',*,*,#733,.T.);
#1065=ORIENTED_EDGE('',*,*,#862,.F.);
#1066=ORIENTED_EDGE('',*,*,#743,.F.);
#1067=ORIENTED_EDGE('',*,*,#863,.F.);
#1068=ORIENTED_EDGE('',*,*,#735,.F.);
#1069=ORIENTED_EDGE('',*,*,#864,.F.);
#1070=ORIENTED_EDGE('',*,*,#736,.T.);
#1071=ORIENTED_EDGE('',*,*,#863,.T.);
#1072=ORIENTED_EDGE('',*,*,#742,.F.);
#1073=ORIENTED_EDGE('',*,*,#741,.T.);
#1074=ORIENTED_EDGE('',*,*,#737,.T.);
#1075=ORIENTED_EDGE('',*,*,#864,.T.);
#1076=ORIENTED_EDGE('',*,*,#865,.T.);
#1077=ORIENTED_EDGE('',*,*,#866,.T.);
#1078=ORIENTED_EDGE('',*,*,#739,.F.);
#1079=ORIENTED_EDGE('',*,*,#740,.F.);
#1080=ORIENTED_EDGE('',*,*,#866,.F.);
#1081=ORIENTED_EDGE('',*,*,#867,.F.);
#1082=ORIENTED_EDGE('',*,*,#745,.T.);
#1083=ORIENTED_EDGE('',*,*,#868,.T.);
#1084=ORIENTED_EDGE('',*,*,#747,.F.);
#1085=ORIENTED_EDGE('',*,*,#748,.F.);
#1086=ORIENTED_EDGE('',*,*,#868,.F.);
#1087=ORIENTED_EDGE('',*,*,#746,.T.);
#1088=ORIENTED_EDGE('',*,*,#867,.T.);
#1089=ORIENTED_EDGE('',*,*,#869,.F.);
#1090=ORIENTED_EDGE('',*,*,#749,.T.);
#1091=ORIENTED_EDGE('',*,*,#870,.T.);
#1092=ORIENTED_EDGE('',*,*,#751,.F.);
#1093=ORIENTED_EDGE('',*,*,#752,.F.);
#1094=ORIENTED_EDGE('',*,*,#870,.F.);
#1095=ORIENTED_EDGE('',*,*,#750,.T.);
#1096=ORIENTED_EDGE('',*,*,#869,.T.);
#1097=ORIENTED_EDGE('',*,*,#871,.F.);
#1098=ORIENTED_EDGE('',*,*,#753,.T.);
#1099=ORIENTED_EDGE('',*,*,#872,.T.);
#1100=ORIENTED_EDGE('',*,*,#755,.F.);
#1101=ORIENTED_EDGE('',*,*,#756,.F.);
#1102=ORIENTED_EDGE('',*,*,#872,.F.);
#1103=ORIENTED_EDGE('',*,*,#754,.T.);
#1104=ORIENTED_EDGE('',*,*,#871,.T.);
#1105=ORIENTED_EDGE('',*,*,#873,.F.);
#1106=ORIENTED_EDGE('',*,*,#757,.T.);
#1107=ORIENTED_EDGE('',*,*,#874,.T.);
#1108=ORIENTED_EDGE('',*,*,#759,.F.);
#1109=ORIENTED_EDGE('',*,*,#760,.F.);
#1110=ORIENTED_EDGE('',*,*,#874,.F.);
#1111=ORIENTED_EDGE('',*,*,#758,.T.);
#1112=ORIENTED_EDGE('',*,*,#873,.T.);
#1113=ORIENTED_EDGE('',*,*,#875,.F.);
#1114=ORIENTED_EDGE('',*,*,#761,.T.);
#1115=ORIENTED_EDGE('',*,*,#876,.T.);
#1116=ORIENTED_EDGE('',*,*,#763,.F.);
#1117=ORIENTED_EDGE('',*,*,#764,.F.);
#1118=ORIENTED_EDGE('',*,*,#876,.F.);
#1119=ORIENTED_EDGE('',*,*,#762,.T.);
#1120=ORIENTED_EDGE('',*,*,#875,.T.);
#1121=ORIENTED_EDGE('',*,*,#877,.F.);
#1122=ORIENTED_EDGE('',*,*,#765,.T.);
#1123=ORIENTED_EDGE('',*,*,#878,.T.);
#1124=ORIENTED_EDGE('',*,*,#767,.F.);
#1125=ORIENTED_EDGE('',*,*,#768,.F.);
#1126=ORIENTED_EDGE('',*,*,#878,.F.);
#1127=ORIENTED_EDGE('',*,*,#766,.T.);
#1128=ORIENTED_EDGE('',*,*,#877,.T.);
#1129=ORIENTED_EDGE('',*,*,#879,.F.);
#1130=ORIENTED_EDGE('',*,*,#769,.T.);
#1131=ORIENTED_EDGE('',*,*,#880,.T.);
#1132=ORIENTED_EDGE('',*,*,#771,.F.);
#1133=ORIENTED_EDGE('',*,*,#772,.F.);
#1134=ORIENTED_EDGE('',*,*,#880,.F.);
#1135=ORIENTED_EDGE('',*,*,#770,.T.);
#1136=ORIENTED_EDGE('',*,*,#879,.T.);
#1137=ORIENTED_EDGE('',*,*,#881,.F.);
#1138=ORIENTED_EDGE('',*,*,#773,.T.);
#1139=ORIENTED_EDGE('',*,*,#882,.T.);
#1140=ORIENTED_EDGE('',*,*,#775,.F.);
#1141=ORIENTED_EDGE('',*,*,#776,.F.);
#1142=ORIENTED_EDGE('',*,*,#882,.F.);
#1143=ORIENTED_EDGE('',*,*,#774,.T.);
#1144=ORIENTED_EDGE('',*,*,#881,.T.);
#1145=ORIENTED_EDGE('',*,*,#883,.F.);
#1146=ORIENTED_EDGE('',*,*,#777,.T.);
#1147=ORIENTED_EDGE('',*,*,#884,.T.);
#1148=ORIENTED_EDGE('',*,*,#779,.F.);
#1149=ORIENTED_EDGE('',*,*,#780,.F.);
#1150=ORIENTED_EDGE('',*,*,#884,.F.);
#1151=ORIENTED_EDGE('',*,*,#778,.T.);
#1152=ORIENTED_EDGE('',*,*,#883,.T.);
#1153=ORIENTED_EDGE('',*,*,#885,.F.);
#1154=ORIENTED_EDGE('',*,*,#781,.T.);
#1155=ORIENTED_EDGE('',*,*,#886,.T.);
#1156=ORIENTED_EDGE('',*,*,#783,.F.);
#1157=ORIENTED_EDGE('',*,*,#784,.F.);
#1158=ORIENTED_EDGE('',*,*,#886,.F.);
#1159=ORIENTED_EDGE('',*,*,#782,.T.);
#1160=ORIENTED_EDGE('',*,*,#885,.T.);
#1161=ORIENTED_EDGE('',*,*,#887,.F.);
#1162=ORIENTED_EDGE('',*,*,#785,.T.);
#1163=ORIENTED_EDGE('',*,*,#888,.T.);
#1164=ORIENTED_EDGE('',*,*,#787,.F.);
#1165=ORIENTED_EDGE('',*,*,#788,.F.);
#1166=ORIENTED_EDGE('',*,*,#888,.F.);
#1167=ORIENTED_EDGE('',*,*,#786,.T.);
#1168=ORIENTED_EDGE('',*,*,#887,.T.);
#1169=ORIENTED_EDGE('',*,*,#889,.F.);
#1170=ORIENTED_EDGE('',*,*,#789,.T.);
#1171=ORIENTED_EDGE('',*,*,#890,.T.);
#1172=ORIENTED_EDGE('',*,*,#791,.F.);
#1173=ORIENTED_EDGE('',*,*,#792,.F.);
#1174=ORIENTED_EDGE('',*,*,#890,.F.);
#1175=ORIENTED_EDGE('',*,*,#790,.T.);
#1176=ORIENTED_EDGE('',*,*,#889,.T.);
#1177=ORIENTED_EDGE('',*,*,#891,.F.);
#1178=ORIENTED_EDGE('',*,*,#793,.T.);
#1179=ORIENTED_EDGE('',*,*,#892,.T.);
#1180=ORIENTED_EDGE('',*,*,#795,.F.);
#1181=ORIENTED_EDGE('',*,*,#796,.F.);
#1182=ORIENTED_EDGE('',*,*,#892,.F.);
#1183=ORIENTED_EDGE('',*,*,#794,.T.);
#1184=ORIENTED_EDGE('',*,*,#891,.T.);
#1185=ORIENTED_EDGE('',*,*,#893,.F.);
#1186=ORIENTED_EDGE('',*,*,#797,.T.);
#1187=ORIENTED_EDGE('',*,*,#894,.T.);
#1188=ORIENTED_EDGE('',*,*,#799,.F.);
#1189=ORIENTED_EDGE('',*,*,#800,.F.);
#1190=ORIENTED_EDGE('',*,*,#894,.F.);
#1191=ORIENTED_EDGE('',*,*,#798,.T.);
#1192=ORIENTED_EDGE('',*,*,#893,.T.);
#1193=ORIENTED_EDGE('',*,*,#895,.F.);
#1194=ORIENTED_EDGE('',*,*,#801,.T.);
#1195=ORIENTED_EDGE('',*,*,#896,.T.);
#1196=ORIENTED_EDGE('',*,*,#803,.F.);
#1197=ORIENTED_EDGE('',*,*,#804,.F.);
#1198=ORIENTED_EDGE('',*,*,#896,.F.);
#1199=ORIENTED_EDGE('',*,*,#802,.T.);
#1200=ORIENTED_EDGE('',*,*,#895,.T.);
#1201=ORIENTED_EDGE('',*,*,#897,.F.);
#1202=ORIENTED_EDGE('',*,*,#805,.T.);
#1203=ORIENTED_EDGE('',*,*,#898,.T.);
#1204=ORIENTED_EDGE('',*,*,#807,.F.);
#1205=ORIENTED_EDGE('',*,*,#808,.F.);
#1206=ORIENTED_EDGE('',*,*,#898,.F.);
#1207=ORIENTED_EDGE('',*,*,#806,.T.);
#1208=ORIENTED_EDGE('',*,*,#897,.T.);
#1209=ORIENTED_EDGE('',*,*,#899,.F.);
#1210=ORIENTED_EDGE('',*,*,#809,.T.);
#1211=ORIENTED_EDGE('',*,*,#900,.T.);
#1212=ORIENTED_EDGE('',*,*,#811,.F.);
#1213=ORIENTED_EDGE('',*,*,#812,.F.);
#1214=ORIENTED_EDGE('',*,*,#900,.F.);
#1215=ORIENTED_EDGE('',*,*,#810,.T.);
#1216=ORIENTED_EDGE('',*,*,#899,.T.);
#1217=ORIENTED_EDGE('',*,*,#901,.F.);
#1218=ORIENTED_EDGE('',*,*,#813,.T.);
#1219=ORIENTED_EDGE('',*,*,#902,.T.);
#1220=ORIENTED_EDGE('',*,*,#815,.F.);
#1221=ORIENTED_EDGE('',*,*,#816,.F.);
#1222=ORIENTED_EDGE('',*,*,#902,.F.);
#1223=ORIENTED_EDGE('',*,*,#814,.T.);
#1224=ORIENTED_EDGE('',*,*,#901,.T.);
#1225=ORIENTED_EDGE('',*,*,#903,.F.);
#1226=ORIENTED_EDGE('',*,*,#817,.T.);
#1227=ORIENTED_EDGE('',*,*,#904,.T.);
#1228=ORIENTED_EDGE('',*,*,#819,.F.);
#1229=ORIENTED_EDGE('',*,*,#820,.F.);
#1230=ORIENTED_EDGE('',*,*,#904,.F.);
#1231=ORIENTED_EDGE('',*,*,#818,.T.);
#1232=ORIENTED_EDGE('',*,*,#903,.T.);
#1233=ORIENTED_EDGE('',*,*,#905,.F.);
#1234=ORIENTED_EDGE('',*,*,#821,.T.);
#1235=ORIENTED_EDGE('',*,*,#906,.T.);
#1236=ORIENTED_EDGE('',*,*,#823,.F.);
#1237=ORIENTED_EDGE('',*,*,#824,.F.);
#1238=ORIENTED_EDGE('',*,*,#906,.F.);
#1239=ORIENTED_EDGE('',*,*,#822,.T.);
#1240=ORIENTED_EDGE('',*,*,#905,.T.);
#1241=ORIENTED_EDGE('',*,*,#907,.F.);
#1242=ORIENTED_EDGE('',*,*,#825,.T.);
#1243=ORIENTED_EDGE('',*,*,#908,.T.);
#1244=ORIENTED_EDGE('',*,*,#827,.F.);
#1245=ORIENTED_EDGE('',*,*,#828,.F.);
#1246=ORIENTED_EDGE('',*,*,#908,.F.);
#1247=ORIENTED_EDGE('',*,*,#826,.T.);
#1248=ORIENTED_EDGE('',*,*,#907,.T.);
#1249=ORIENTED_EDGE('',*,*,#909,.F.);
#1250=ORIENTED_EDGE('',*,*,#829,.T.);
#1251=ORIENTED_EDGE('',*,*,#910,.T.);
#1252=ORIENTED_EDGE('',*,*,#831,.F.);
#1253=ORIENTED_EDGE('',*,*,#832,.F.);
#1254=ORIENTED_EDGE('',*,*,#910,.F.);
#1255=ORIENTED_EDGE('',*,*,#830,.T.);
#1256=ORIENTED_EDGE('',*,*,#909,.T.);
#1257=ORIENTED_EDGE('',*,*,#911,.F.);
#1258=ORIENTED_EDGE('',*,*,#833,.T.);
#1259=ORIENTED_EDGE('',*,*,#912,.T.);
#1260=ORIENTED_EDGE('',*,*,#835,.F.);
#1261=ORIENTED_EDGE('',*,*,#836,.F.);
#1262=ORIENTED_EDGE('',*,*,#912,.F.);
#1263=ORIENTED_EDGE('',*,*,#834,.T.);
#1264=ORIENTED_EDGE('',*,*,#911,.T.);
#1265=ORIENTED_EDGE('',*,*,#913,.F.);
#1266=ORIENTED_EDGE('',*,*,#837,.T.);
#1267=ORIENTED_EDGE('',*,*,#914,.T.);
#1268=ORIENTED_EDGE('',*,*,#839,.F.);
#1269=ORIENTED_EDGE('',*,*,#840,.F.);
#1270=ORIENTED_EDGE('',*,*,#914,.F.);
#1271=ORIENTED_EDGE('',*,*,#838,.T.);
#1272=ORIENTED_EDGE('',*,*,#913,.T.);
#1273=ORIENTED_EDGE('',*,*,#915,.F.);
#1274=ORIENTED_EDGE('',*,*,#841,.T.);
#1275=ORIENTED_EDGE('',*,*,#916,.T.);
#1276=ORIENTED_EDGE('',*,*,#843,.F.);
#1277=ORIENTED_EDGE('',*,*,#844,.F.);
#1278=ORIENTED_EDGE('',*,*,#916,.F.);
#1279=ORIENTED_EDGE('',*,*,#842,.T.);
#1280=ORIENTED_EDGE('',*,*,#915,.T.);
#1281=ORIENTED_EDGE('',*,*,#917,.F.);
#1282=ORIENTED_EDGE('',*,*,#845,.T.);
#1283=ORIENTED_EDGE('',*,*,#918,.T.);
#1284=ORIENTED_EDGE('',*,*,#847,.F.);
#1285=ORIENTED_EDGE('',*,*,#848,.F.);
#1286=ORIENTED_EDGE('',*,*,#918,.F.);
#1287=ORIENTED_EDGE('',*,*,#846,.T.);
#1288=ORIENTED_EDGE('',*,*,#917,.T.);
#1289=ORIENTED_EDGE('',*,*,#919,.F.);
#1290=ORIENTED_EDGE('',*,*,#849,.T.);
#1291=ORIENTED_EDGE('',*,*,#920,.T.);
#1292=ORIENTED_EDGE('',*,*,#851,.F.);
#1293=ORIENTED_EDGE('',*,*,#852,.F.);
#1294=ORIENTED_EDGE('',*,*,#920,.F.);
#1295=ORIENTED_EDGE('',*,*,#850,.T.);
#1296=ORIENTED_EDGE('',*,*,#919,.T.);
#1297=ORIENTED_EDGE('',*,*,#921,.F.);
#1298=ORIENTED_EDGE('',*,*,#853,.T.);
#1299=ORIENTED_EDGE('',*,*,#922,.T.);
#1300=ORIENTED_EDGE('',*,*,#855,.F.);
#1301=ORIENTED_EDGE('',*,*,#856,.F.);
#1302=ORIENTED_EDGE('',*,*,#922,.F.);
#1303=ORIENTED_EDGE('',*,*,#854,.T.);
#1304=ORIENTED_EDGE('',*,*,#921,.T.);
#1305=ORIENTED_EDGE('',*,*,#923,.F.);
#1306=ORIENTED_EDGE('',*,*,#857,.T.);
#1307=ORIENTED_EDGE('',*,*,#924,.T.);
#1308=ORIENTED_EDGE('',*,*,#859,.F.);
#1309=ORIENTED_EDGE('',*,*,#860,.F.);
#1310=ORIENTED_EDGE('',*,*,#924,.F.);
#1311=ORIENTED_EDGE('',*,*,#858,.T.);
#1312=ORIENTED_EDGE('',*,*,#923,.T.);
#1313=ORIENTED_EDGE('',*,*,#861,.T.);
#1314=ORIENTED_EDGE('',*,*,#865,.F.);
#1315=ORIENTED_EDGE('',*,*,#925,.F.);
#1316=ORIENTED_EDGE('',*,*,#926,.F.);
#1317=ORIENTED_EDGE('',*,*,#927,.T.);
#1318=ORIENTED_EDGE('',*,*,#928,.T.);
#1319=ORIENTED_EDGE('',*,*,#929,.T.);
#1320=ORIENTED_EDGE('',*,*,#925,.T.);
#1321=ORIENTED_EDGE('',*,*,#926,.T.);
#1322=ORIENTED_EDGE('',*,*,#929,.F.);
#1323=ORIENTED_EDGE('',*,*,#930,.F.);
#1324=ORIENTED_EDGE('',*,*,#927,.F.);
#1325=ORIENTED_EDGE('',*,*,#930,.T.);
#1326=ORIENTED_EDGE('',*,*,#928,.F.);
#1327=CYLINDRICAL_SURFACE('',#1471,9.);
#1328=CYLINDRICAL_SURFACE('',#1543,0.9);
#1329=CYLINDRICAL_SURFACE('',#1549,0.9);
#1330=CYLINDRICAL_SURFACE('',#1554,0.9);
#1331=CYLINDRICAL_SURFACE('',#1559,0.9);
#1332=CYLINDRICAL_SURFACE('',#1564,0.9);
#1333=CYLINDRICAL_SURFACE('',#1569,0.9);
#1334=CYLINDRICAL_SURFACE('',#1574,0.9);
#1335=CYLINDRICAL_SURFACE('',#1579,0.9);
#1336=CYLINDRICAL_SURFACE('',#1584,0.9);
#1337=CYLINDRICAL_SURFACE('',#1589,0.9);
#1338=CYLINDRICAL_SURFACE('',#1594,0.9);
#1339=CYLINDRICAL_SURFACE('',#1599,0.9);
#1340=CYLINDRICAL_SURFACE('',#1604,0.9);
#1341=CYLINDRICAL_SURFACE('',#1609,0.9);
#1342=CYLINDRICAL_SURFACE('',#1614,0.9);
#1343=CYLINDRICAL_SURFACE('',#1619,0.9);
#1344=CYLINDRICAL_SURFACE('',#1624,0.9);
#1345=CYLINDRICAL_SURFACE('',#1629,0.9);
#1346=CYLINDRICAL_SURFACE('',#1634,0.9);
#1347=CYLINDRICAL_SURFACE('',#1639,0.9);
#1348=CYLINDRICAL_SURFACE('',#1644,0.9);
#1349=CYLINDRICAL_SURFACE('',#1649,0.9);
#1350=CYLINDRICAL_SURFACE('',#1654,0.9);
#1351=CYLINDRICAL_SURFACE('',#1659,0.9);
#1352=CYLINDRICAL_SURFACE('',#1664,0.9);
#1353=CYLINDRICAL_SURFACE('',#1669,0.9);
#1354=CYLINDRICAL_SURFACE('',#1674,0.9);
#1355=CYLINDRICAL_SURFACE('',#1679,0.9);
#1356=CYLINDRICAL_SURFACE('',#1684,0.9);
#1357=CYLINDRICAL_SURFACE('',#1689,0.9);
#1358=CYLINDRICAL_SURFACE('',#1697,3.15);
#1359=ADVANCED_FACE('',(#111,#81,#82,#83,#84,#85,#86,#87,#88,#89,#90,#91,
#92,#93,#94,#95,#96,#97,#98,#99,#100,#101,#102,#103,#104,#105,#106,#107,
#108,#109),#1327,.T.);
#1360=ADVANCED_FACE('',(#112),#79,.T.);
#1361=ADVANCED_FACE('',(#113),#15,.F.);
#1362=ADVANCED_FACE('',(#114),#1328,.F.);
#1363=ADVANCED_FACE('',(#115),#16,.T.);
#1364=ADVANCED_FACE('',(#116),#80,.T.);
#1365=ADVANCED_FACE('',(#117),#1329,.F.);
#1366=ADVANCED_FACE('',(#118),#17,.F.);
#1367=ADVANCED_FACE('',(#119),#18,.T.);
#1368=ADVANCED_FACE('',(#120),#1330,.F.);
#1369=ADVANCED_FACE('',(#121),#19,.F.);
#1370=ADVANCED_FACE('',(#122),#20,.T.);
#1371=ADVANCED_FACE('',(#123),#1331,.F.);
#1372=ADVANCED_FACE('',(#124),#21,.F.);
#1373=ADVANCED_FACE('',(#125),#22,.T.);
#1374=ADVANCED_FACE('',(#126),#1332,.F.);
#1375=ADVANCED_FACE('',(#127),#23,.F.);
#1376=ADVANCED_FACE('',(#128),#24,.T.);
#1377=ADVANCED_FACE('',(#129),#1333,.F.);
#1378=ADVANCED_FACE('',(#130),#25,.F.);
#1379=ADVANCED_FACE('',(#131),#26,.T.);
#1380=ADVANCED_FACE('',(#132),#1334,.F.);
#1381=ADVANCED_FACE('',(#133),#27,.F.);
#1382=ADVANCED_FACE('',(#134),#28,.T.);
#1383=ADVANCED_FACE('',(#135),#1335,.F.);
#1384=ADVANCED_FACE('',(#136),#29,.F.);
#1385=ADVANCED_FACE('',(#137),#30,.T.);
#1386=ADVANCED_FACE('',(#138),#1336,.F.);
#1387=ADVANCED_FACE('',(#139),#31,.F.);
#1388=ADVANCED_FACE('',(#140),#32,.T.);
#1389=ADVANCED_FACE('',(#141),#1337,.F.);
#1390=ADVANCED_FACE('',(#142),#33,.F.);
#1391=ADVANCED_FACE('',(#143),#34,.T.);
#1392=ADVANCED_FACE('',(#144),#1338,.F.);
#1393=ADVANCED_FACE('',(#145),#35,.F.);
#1394=ADVANCED_FACE('',(#146),#36,.T.);
#1395=ADVANCED_FACE('',(#147),#1339,.F.);
#1396=ADVANCED_FACE('',(#148),#37,.F.);
#1397=ADVANCED_FACE('',(#149),#38,.T.);
#1398=ADVANCED_FACE('',(#150),#1340,.F.);
#1399=ADVANCED_FACE('',(#151),#39,.F.);
#1400=ADVANCED_FACE('',(#152),#40,.T.);
#1401=ADVANCED_FACE('',(#153),#1341,.F.);
#1402=ADVANCED_FACE('',(#154),#41,.F.);
#1403=ADVANCED_FACE('',(#155),#42,.T.);
#1404=ADVANCED_FACE('',(#156),#1342,.F.);
#1405=ADVANCED_FACE('',(#157),#43,.F.);
#1406=ADVANCED_FACE('',(#158),#44,.T.);
#1407=ADVANCED_FACE('',(#159),#1343,.F.);
#1408=ADVANCED_FACE('',(#160),#45,.F.);
#1409=ADVANCED_FACE('',(#161),#46,.T.);
#1410=ADVANCED_FACE('',(#162),#1344,.F.);
#1411=ADVANCED_FACE('',(#163),#47,.F.);
#1412=ADVANCED_FACE('',(#164),#48,.T.);
#1413=ADVANCED_FACE('',(#165),#1345,.F.);
#1414=ADVANCED_FACE('',(#166),#49,.F.);
#1415=ADVANCED_FACE('',(#167),#50,.T.);
#1416=ADVANCED_FACE('',(#168),#1346,.F.);
#1417=ADVANCED_FACE('',(#169),#51,.F.);
#1418=ADVANCED_FACE('',(#170),#52,.T.);
#1419=ADVANCED_FACE('',(#171),#1347,.F.);
#1420=ADVANCED_FACE('',(#172),#53,.F.);
#1421=ADVANCED_FACE('',(#173),#54,.T.);
#1422=ADVANCED_FACE('',(#174),#1348,.F.);
#1423=ADVANCED_FACE('',(#175),#55,.F.);
#1424=ADVANCED_FACE('',(#176),#56,.T.);
#1425=ADVANCED_FACE('',(#177),#1349,.F.);
#1426=ADVANCED_FACE('',(#178),#57,.F.);
#1427=ADVANCED_FACE('',(#179),#58,.T.);
#1428=ADVANCED_FACE('',(#180),#1350,.F.);
#1429=ADVANCED_FACE('',(#181),#59,.F.);
#1430=ADVANCED_FACE('',(#182),#60,.T.);
#1431=ADVANCED_FACE('',(#183),#1351,.F.);
#1432=ADVANCED_FACE('',(#184),#61,.F.);
#1433=ADVANCED_FACE('',(#185),#62,.T.);
#1434=ADVANCED_FACE('',(#186),#1352,.F.);
#1435=ADVANCED_FACE('',(#187),#63,.F.);
#1436=ADVANCED_FACE('',(#188),#64,.T.);
#1437=ADVANCED_FACE('',(#189),#1353,.F.);
#1438=ADVANCED_FACE('',(#190),#65,.F.);
#1439=ADVANCED_FACE('',(#191),#66,.T.);
#1440=ADVANCED_FACE('',(#192),#1354,.F.);
#1441=ADVANCED_FACE('',(#193),#67,.F.);
#1442=ADVANCED_FACE('',(#194),#68,.T.);
#1443=ADVANCED_FACE('',(#195),#1355,.F.);
#1444=ADVANCED_FACE('',(#196),#69,.F.);
#1445=ADVANCED_FACE('',(#197),#70,.T.);
#1446=ADVANCED_FACE('',(#198),#1356,.F.);
#1447=ADVANCED_FACE('',(#199),#71,.F.);
#1448=ADVANCED_FACE('',(#200),#72,.T.);
#1449=ADVANCED_FACE('',(#201),#1357,.F.);
#1450=ADVANCED_FACE('',(#202),#73,.F.);
#1451=ADVANCED_FACE('',(#203),#74,.T.);
#1452=ADVANCED_FACE('',(#204),#75,.T.);
#1453=ADVANCED_FACE('',(#205,#110),#76,.F.);
#1454=ADVANCED_FACE('',(#206),#1358,.F.);
#1455=ADVANCED_FACE('',(#207),#77,.T.);
#1456=ADVANCED_FACE('',(#208),#78,.F.);
#1457=CLOSED_SHELL('',(#1359,#1360,#1361,#1362,#1363,#1364,#1365,#1366,
#1367,#1368,#1369,#1370,#1371,#1372,#1373,#1374,#1375,#1376,#1377,#1378,
#1379,#1380,#1381,#1382,#1383,#1384,#1385,#1386,#1387,#1388,#1389,#1390,
#1391,#1392,#1393,#1394,#1395,#1396,#1397,#1398,#1399,#1400,#1401,#1402,
#1403,#1404,#1405,#1406,#1407,#1408,#1409,#1410,#1411,#1412,#1413,#1414,
#1415,#1416,#1417,#1418,#1419,#1420,#1421,#1422,#1423,#1424,#1425,#1426,
#1427,#1428,#1429,#1430,#1431,#1432,#1433,#1434,#1435,#1436,#1437,#1438,
#1439,#1440,#1441,#1442,#1443,#1444,#1445,#1446,#1447,#1448,#1449,#1450,
#1451,#1452,#1453,#1454,#1455,#1456));
#1458=DERIVED_UNIT_ELEMENT(#1460,1.);
#1459=DERIVED_UNIT_ELEMENT(#2663,-3.);
#1460=(
MASS_UNIT()
NAMED_UNIT(*)
SI_UNIT(.KILO.,.GRAM.)
);
#1461=DERIVED_UNIT((#1458,#1459));
#1462=MEASURE_REPRESENTATION_ITEM('density measure',
POSITIVE_RATIO_MEASURE(7850.),#1461);
#1463=PROPERTY_DEFINITION_REPRESENTATION(#1468,#1465);
#1464=PROPERTY_DEFINITION_REPRESENTATION(#1469,#1466);
#1465=REPRESENTATION('material name',(#1467),#2660);
#1466=REPRESENTATION('density',(#1462),#2660);
#1467=DESCRIPTIVE_REPRESENTATION_ITEM('Steel','Steel');
#1468=PROPERTY_DEFINITION('material property','material name',#2670);
#1469=PROPERTY_DEFINITION('material property','density of part',#2670);
#1470=AXIS2_PLACEMENT_3D('',#2229,#1701,#1702);
#1471=AXIS2_PLACEMENT_3D('',#2230,#1703,#1704);
#1472=AXIS2_PLACEMENT_3D('',#2233,#1705,#1706);
#1473=AXIS2_PLACEMENT_3D('',#2237,#1708,#1709);
#1474=AXIS2_PLACEMENT_3D('',#2241,#1711,#1712);
#1475=AXIS2_PLACEMENT_3D('',#2245,#1714,#1715);
#1476=AXIS2_PLACEMENT_3D('',#2246,#1716,#1717);
#1477=AXIS2_PLACEMENT_3D('',#2248,#1718,#1719);
#1478=AXIS2_PLACEMENT_3D('',#2251,#1721,#1722);
#1479=AXIS2_PLACEMENT_3D('',#2252,#1723,#1724);
#1480=AXIS2_PLACEMENT_3D('',#2257,#1726,#1727);
#1481=AXIS2_PLACEMENT_3D('',#2260,#1729,#1730);
#1482=AXIS2_PLACEMENT_3D('',#2265,#1732,#1733);
#1483=AXIS2_PLACEMENT_3D('',#2268,#1735,#1736);
#1484=AXIS2_PLACEMENT_3D('',#2273,#1738,#1739);
#1485=AXIS2_PLACEMENT_3D('',#2276,#1741,#1742);
#1486=AXIS2_PLACEMENT_3D('',#2281,#1744,#1745);
#1487=AXIS2_PLACEMENT_3D('',#2284,#1747,#1748);
#1488=AXIS2_PLACEMENT_3D('',#2289,#1750,#1751);
#1489=AXIS2_PLACEMENT_3D('',#2292,#1753,#1754);
#1490=AXIS2_PLACEMENT_3D('',#2297,#1756,#1757);
#1491=AXIS2_PLACEMENT_3D('',#2300,#1759,#1760);
#1492=AXIS2_PLACEMENT_3D('',#2305,#1762,#1763);
#1493=AXIS2_PLACEMENT_3D('',#2308,#1765,#1766);
#1494=AXIS2_PLACEMENT_3D('',#2313,#1768,#1769);
#1495=AXIS2_PLACEMENT_3D('',#2316,#1771,#1772);
#1496=AXIS2_PLACEMENT_3D('',#2321,#1774,#1775);
#1497=AXIS2_PLACEMENT_3D('',#2324,#1777,#1778);
#1498=AXIS2_PLACEMENT_3D('',#2329,#1780,#1781);
#1499=AXIS2_PLACEMENT_3D('',#2332,#1783,#1784);
#1500=AXIS2_PLACEMENT_3D('',#2337,#1786,#1787);
#1501=AXIS2_PLACEMENT_3D('',#2340,#1789,#1790);
#1502=AXIS2_PLACEMENT_3D('',#2345,#1792,#1793);
#1503=AXIS2_PLACEMENT_3D('',#2348,#1795,#1796);
#1504=AXIS2_PLACEMENT_3D('',#2353,#1798,#1799);
#1505=AXIS2_PLACEMENT_3D('',#2356,#1801,#1802);
#1506=AXIS2_PLACEMENT_3D('',#2361,#1804,#1805);
#1507=AXIS2_PLACEMENT_3D('',#2364,#1807,#1808);
#1508=AXIS2_PLACEMENT_3D('',#2369,#1810,#1811);
#1509=AXIS2_PLACEMENT_3D('',#2372,#1813,#1814);
#1510=AXIS2_PLACEMENT_3D('',#2377,#1816,#1817);
#1511=AXIS2_PLACEMENT_3D('',#2380,#1819,#1820);
#1512=AXIS2_PLACEMENT_3D('',#2385,#1822,#1823);
#1513=AXIS2_PLACEMENT_3D('',#2388,#1825,#1826);
#1514=AXIS2_PLACEMENT_3D('',#2393,#1828,#1829);
#1515=AXIS2_PLACEMENT_3D('',#2396,#1831,#1832);
#1516=AXIS2_PLACEMENT_3D('',#2401,#1834,#1835);
#1517=AXIS2_PLACEMENT_3D('',#2404,#1837,#1838);
#1518=AXIS2_PLACEMENT_3D('',#2409,#1840,#1841);
#1519=AXIS2_PLACEMENT_3D('',#2412,#1843,#1844);
#1520=AXIS2_PLACEMENT_3D('',#2417,#1846,#1847);
#1521=AXIS2_PLACEMENT_3D('',#2420,#1849,#1850);
#1522=AXIS2_PLACEMENT_3D('',#2425,#1852,#1853);
#1523=AXIS2_PLACEMENT_3D('',#2428,#1855,#1856);
#1524=AXIS2_PLACEMENT_3D('',#2433,#1858,#1859);
#1525=AXIS2_PLACEMENT_3D('',#2436,#1861,#1862);
#1526=AXIS2_PLACEMENT_3D('',#2441,#1864,#1865);
#1527=AXIS2_PLACEMENT_3D('',#2444,#1867,#1868);
#1528=AXIS2_PLACEMENT_3D('',#2449,#1870,#1871);
#1529=AXIS2_PLACEMENT_3D('',#2452,#1873,#1874);
#1530=AXIS2_PLACEMENT_3D('',#2457,#1876,#1877);
#1531=AXIS2_PLACEMENT_3D('',#2460,#1879,#1880);
#1532=AXIS2_PLACEMENT_3D('',#2465,#1882,#1883);
#1533=AXIS2_PLACEMENT_3D('',#2468,#1885,#1886);
#1534=AXIS2_PLACEMENT_3D('',#2473,#1888,#1889);
#1535=AXIS2_PLACEMENT_3D('',#2476,#1891,#1892);
#1536=AXIS2_PLACEMENT_3D('',#2481,#1894,#1895);
#1537=AXIS2_PLACEMENT_3D('',#2484,#1897,#1898);
#1538=AXIS2_PLACEMENT_3D('',#2485,#1899,#1900);
#1539=AXIS2_PLACEMENT_3D('',#2487,#1901,#1902);
#1540=AXIS2_PLACEMENT_3D('',#2488,#1903,#1904);
#1541=AXIS2_PLACEMENT_3D('',#2489,#1905,#1906);
#1542=AXIS2_PLACEMENT_3D('',#2490,#1907,#1908);
#1543=AXIS2_PLACEMENT_3D('',#2491,#1909,#1910);
#1544=AXIS2_PLACEMENT_3D('',#2492,#1911,#1912);
#1545=AXIS2_PLACEMENT_3D('',#2493,#1913,#1914);
#1546=AXIS2_PLACEMENT_3D('',#2494,#1915,#1916);
#1547=AXIS2_PLACEMENT_3D('',#2496,#1917,#1918);
#1548=AXIS2_PLACEMENT_3D('',#2497,#1919,#1920);
#1549=AXIS2_PLACEMENT_3D('',#2498,#1921,#1922);
#1550=AXIS2_PLACEMENT_3D('',#2499,#1923,#1924);
#1551=AXIS2_PLACEMENT_3D('',#2500,#1925,#1926);
#1552=AXIS2_PLACEMENT_3D('',#2501,#1927,#1928);
#1553=AXIS2_PLACEMENT_3D('',#2502,#1929,#1930);
#1554=AXIS2_PLACEMENT_3D('',#2503,#1931,#1932);
#1555=AXIS2_PLACEMENT_3D('',#2504,#1933,#1934);
#1556=AXIS2_PLACEMENT_3D('',#2505,#1935,#1936);
#1557=AXIS2_PLACEMENT_3D('',#2506,#1937,#1938);
#1558=AXIS2_PLACEMENT_3D('',#2507,#1939,#1940);
#1559=AXIS2_PLACEMENT_3D('',#2508,#1941,#1942);
#1560=AXIS2_PLACEMENT_3D('',#2509,#1943,#1944);
#1561=AXIS2_PLACEMENT_3D('',#2510,#1945,#1946);
#1562=AXIS2_PLACEMENT_3D('',#2511,#1947,#1948);
#1563=AXIS2_PLACEMENT_3D('',#2512,#1949,#1950);
#1564=AXIS2_PLACEMENT_3D('',#2513,#1951,#1952);
#1565=AXIS2_PLACEMENT_3D('',#2514,#1953,#1954);
#1566=AXIS2_PLACEMENT_3D('',#2515,#1955,#1956);
#1567=AXIS2_PLACEMENT_3D('',#2516,#1957,#1958);
#1568=AXIS2_PLACEMENT_3D('',#2517,#1959,#1960);
#1569=AXIS2_PLACEMENT_3D('',#2518,#1961,#1962);
#1570=AXIS2_PLACEMENT_3D('',#2519,#1963,#1964);
#1571=AXIS2_PLACEMENT_3D('',#2520,#1965,#1966);
#1572=AXIS2_PLACEMENT_3D('',#2521,#1967,#1968);
#1573=AXIS2_PLACEMENT_3D('',#2522,#1969,#1970);
#1574=AXIS2_PLACEMENT_3D('',#2523,#1971,#1972);
#1575=AXIS2_PLACEMENT_3D('',#2524,#1973,#1974);
#1576=AXIS2_PLACEMENT_3D('',#2525,#1975,#1976);
#1577=AXIS2_PLACEMENT_3D('',#2526,#1977,#1978);
#1578=AXIS2_PLACEMENT_3D('',#2527,#1979,#1980);
#1579=AXIS2_PLACEMENT_3D('',#2528,#1981,#1982);
#1580=AXIS2_PLACEMENT_3D('',#2529,#1983,#1984);
#1581=AXIS2_PLACEMENT_3D('',#2530,#1985,#1986);
#1582=AXIS2_PLACEMENT_3D('',#2531,#1987,#1988);
#1583=AXIS2_PLACEMENT_3D('',#2532,#1989,#1990);
#1584=AXIS2_PLACEMENT_3D('',#2533,#1991,#1992);
#1585=AXIS2_PLACEMENT_3D('',#2534,#1993,#1994);
#1586=AXIS2_PLACEMENT_3D('',#2535,#1995,#1996);
#1587=AXIS2_PLACEMENT_3D('',#2536,#1997,#1998);
#1588=AXIS2_PLACEMENT_3D('',#2537,#1999,#2000);
#1589=AXIS2_PLACEMENT_3D('',#2538,#2001,#2002);
#1590=AXIS2_PLACEMENT_3D('',#2539,#2003,#2004);
#1591=AXIS2_PLACEMENT_3D('',#2540,#2005,#2006);
#1592=AXIS2_PLACEMENT_3D('',#2541,#2007,#2008);
#1593=AXIS2_PLACEMENT_3D('',#2542,#2009,#2010);
#1594=AXIS2_PLACEMENT_3D('',#2543,#2011,#2012);
#1595=AXIS2_PLACEMENT_3D('',#2544,#2013,#2014);
#1596=AXIS2_PLACEMENT_3D('',#2545,#2015,#2016);
#1597=AXIS2_PLACEMENT_3D('',#2546,#2017,#2018);
#1598=AXIS2_PLACEMENT_3D('',#2547,#2019,#2020);
#1599=AXIS2_PLACEMENT_3D('',#2548,#2021,#2022);
#1600=AXIS2_PLACEMENT_3D('',#2549,#2023,#2024);
#1601=AXIS2_PLACEMENT_3D('',#2550,#2025,#2026);
#1602=AXIS2_PLACEMENT_3D('',#2551,#2027,#2028);
#1603=AXIS2_PLACEMENT_3D('',#2552,#2029,#2030);
#1604=AXIS2_PLACEMENT_3D('',#2553,#2031,#2032);
#1605=AXIS2_PLACEMENT_3D('',#2554,#2033,#2034);
#1606=AXIS2_PLACEMENT_3D('',#2555,#2035,#2036);
#1607=AXIS2_PLACEMENT_3D('',#2556,#2037,#2038);
#1608=AXIS2_PLACEMENT_3D('',#2557,#2039,#2040);
#1609=AXIS2_PLACEMENT_3D('',#2558,#2041,#2042);
#1610=AXIS2_PLACEMENT_3D('',#2559,#2043,#2044);
#1611=AXIS2_PLACEMENT_3D('',#2560,#2045,#2046);
#1612=AXIS2_PLACEMENT_3D('',#2561,#2047,#2048);
#1613=AXIS2_PLACEMENT_3D('',#2562,#2049,#2050);
#1614=AXIS2_PLACEMENT_3D('',#2563,#2051,#2052);
#1615=AXIS2_PLACEMENT_3D('',#2564,#2053,#2054);
#1616=AXIS2_PLACEMENT_3D('',#2565,#2055,#2056);
#1617=AXIS2_PLACEMENT_3D('',#2566,#2057,#2058);
#1618=AXIS2_PLACEMENT_3D('',#2567,#2059,#2060);
#1619=AXIS2_PLACEMENT_3D('',#2568,#2061,#2062);
#1620=AXIS2_PLACEMENT_3D('',#2569,#2063,#2064);
#1621=AXIS2_PLACEMENT_3D('',#2570,#2065,#2066);
#1622=AXIS2_PLACEMENT_3D('',#2571,#2067,#2068);
#1623=AXIS2_PLACEMENT_3D('',#2572,#2069,#2070);
#1624=AXIS2_PLACEMENT_3D('',#2573,#2071,#2072);
#1625=AXIS2_PLACEMENT_3D('',#2574,#2073,#2074);
#1626=AXIS2_PLACEMENT_3D('',#2575,#2075,#2076);
#1627=AXIS2_PLACEMENT_3D('',#2576,#2077,#2078);
#1628=AXIS2_PLACEMENT_3D('',#2577,#2079,#2080);
#1629=AXIS2_PLACEMENT_3D('',#2578,#2081,#2082);
#1630=AXIS2_PLACEMENT_3D('',#2579,#2083,#2084);
#1631=AXIS2_PLACEMENT_3D('',#2580,#2085,#2086);
#1632=AXIS2_PLACEMENT_3D('',#2581,#2087,#2088);
#1633=AXIS2_PLACEMENT_3D('',#2582,#2089,#2090);
#1634=AXIS2_PLACEMENT_3D('',#2583,#2091,#2092);
#1635=AXIS2_PLACEMENT_3D('',#2584,#2093,#2094);
#1636=AXIS2_PLACEMENT_3D('',#2585,#2095,#2096);
#1637=AXIS2_PLACEMENT_3D('',#2586,#2097,#2098);
#1638=AXIS2_PLACEMENT_3D('',#2587,#2099,#2100);
#1639=AXIS2_PLACEMENT_3D('',#2588,#2101,#2102);
#1640=AXIS2_PLACEMENT_3D('',#2589,#2103,#2104);
#1641=AXIS2_PLACEMENT_3D('',#2590,#2105,#2106);
#1642=AXIS2_PLACEMENT_3D('',#2591,#2107,#2108);
#1643=AXIS2_PLACEMENT_3D('',#2592,#2109,#2110);
#1644=AXIS2_PLACEMENT_3D('',#2593,#2111,#2112);
#1645=AXIS2_PLACEMENT_3D('',#2594,#2113,#2114);
#1646=AXIS2_PLACEMENT_3D('',#2595,#2115,#2116);
#1647=AXIS2_PLACEMENT_3D('',#2596,#2117,#2118);
#1648=AXIS2_PLACEMENT_3D('',#2597,#2119,#2120);
#1649=AXIS2_PLACEMENT_3D('',#2598,#2121,#2122);
#1650=AXIS2_PLACEMENT_3D('',#2599,#2123,#2124);
#1651=AXIS2_PLACEMENT_3D('',#2600,#2125,#2126);
#1652=AXIS2_PLACEMENT_3D('',#2601,#2127,#2128);
#1653=AXIS2_PLACEMENT_3D('',#2602,#2129,#2130);
#1654=AXIS2_PLACEMENT_3D('',#2603,#2131,#2132);
#1655=AXIS2_PLACEMENT_3D('',#2604,#2133,#2134);
#1656=AXIS2_PLACEMENT_3D('',#2605,#2135,#2136);
#1657=AXIS2_PLACEMENT_3D('',#2606,#2137,#2138);
#1658=AXIS2_PLACEMENT_3D('',#2607,#2139,#2140);
#1659=AXIS2_PLACEMENT_3D('',#2608,#2141,#2142);
#1660=AXIS2_PLACEMENT_3D('',#2609,#2143,#2144);
#1661=AXIS2_PLACEMENT_3D('',#2610,#2145,#2146);
#1662=AXIS2_PLACEMENT_3D('',#2611,#2147,#2148);
#1663=AXIS2_PLACEMENT_3D('',#2612,#2149,#2150);
#1664=AXIS2_PLACEMENT_3D('',#2613,#2151,#2152);
#1665=AXIS2_PLACEMENT_3D('',#2614,#2153,#2154);
#1666=AXIS2_PLACEMENT_3D('',#2615,#2155,#2156);
#1667=AXIS2_PLACEMENT_3D('',#2616,#2157,#2158);
#1668=AXIS2_PLACEMENT_3D('',#2617,#2159,#2160);
#1669=AXIS2_PLACEMENT_3D('',#2618,#2161,#2162);
#1670=AXIS2_PLACEMENT_3D('',#2619,#2163,#2164);
#1671=AXIS2_PLACEMENT_3D('',#2620,#2165,#2166);
#1672=AXIS2_PLACEMENT_3D('',#2621,#2167,#2168);
#1673=AXIS2_PLACEMENT_3D('',#2622,#2169,#2170);
#1674=AXIS2_PLACEMENT_3D('',#2623,#2171,#2172);
#1675=AXIS2_PLACEMENT_3D('',#2624,#2173,#2174);
#1676=AXIS2_PLACEMENT_3D('',#2625,#2175,#2176);
#1677=AXIS2_PLACEMENT_3D('',#2626,#2177,#2178);
#1678=AXIS2_PLACEMENT_3D('',#2627,#2179,#2180);
#1679=AXIS2_PLACEMENT_3D('',#2628,#2181,#2182);
#1680=AXIS2_PLACEMENT_3D('',#2629,#2183,#2184);
#1681=AXIS2_PLACEMENT_3D('',#2630,#2185,#2186);
#1682=AXIS2_PLACEMENT_3D('',#2631,#2187,#2188);
#1683=AXIS2_PLACEMENT_3D('',#2632,#2189,#2190);
#1684=AXIS2_PLACEMENT_3D('',#2633,#2191,#2192);
#1685=AXIS2_PLACEMENT_3D('',#2634,#2193,#2194);
#1686=AXIS2_PLACEMENT_3D('',#2635,#2195,#2196);
#1687=AXIS2_PLACEMENT_3D('',#2636,#2197,#2198);
#1688=AXIS2_PLACEMENT_3D('',#2637,#2199,#2200);
#1689=AXIS2_PLACEMENT_3D('',#2638,#2201,#2202);
#1690=AXIS2_PLACEMENT_3D('',#2639,#2203,#2204);
#1691=AXIS2_PLACEMENT_3D('',#2640,#2205,#2206);
#1692=AXIS2_PLACEMENT_3D('',#2641,#2207,#2208);
#1693=AXIS2_PLACEMENT_3D('',#2642,#2209,#2210);
#1694=AXIS2_PLACEMENT_3D('',#2643,#2211,#2212);
#1695=AXIS2_PLACEMENT_3D('',#2644,#2213,#2214);
#1696=AXIS2_PLACEMENT_3D('',#2647,#2215,#2216);
#1697=AXIS2_PLACEMENT_3D('',#2649,#2218,#2219);
#1698=AXIS2_PLACEMENT_3D('',#2653,#2221,#2222);
#1699=AXIS2_PLACEMENT_3D('',#2655,#2224,#2225);
#1700=AXIS2_PLACEMENT_3D('',#2657,#2227,#2228);
#1701=DIRECTION('axis',(0.,0.,1.));
#1702=DIRECTION('refdir',(1.,0.,0.));
#1703=DIRECTION('center_axis',(0.,0.,1.));
#1704=DIRECTION('ref_axis',(1.,0.,0.));
#1705=DIRECTION('center_axis',(0.,0.,1.));
#1706=DIRECTION('ref_axis',(-1.,1.224646799147E-16,0.));
#1707=DIRECTION('',(0.,0.,-1.));
#1708=DIRECTION('center_axis',(0.,0.,1.));
#1709=DIRECTION('ref_axis',(1.,0.,0.));
#1710=DIRECTION('',(0.,0.,1.));
#1711=DIRECTION('center_axis',(0.,0.,1.));
#1712=DIRECTION('ref_axis',(1.,0.,0.));
#1713=DIRECTION('',(0.,0.,-1.));
#1714=DIRECTION('center_axis',(0.,0.,1.));
#1715=DIRECTION('ref_axis',(-1.,1.224646799147E-16,0.));
#1716=DIRECTION('center_axis',(0.,0.,1.));
#1717=DIRECTION('ref_axis',(-1.,1.224646799147E-16,0.));
#1718=DIRECTION('center_axis',(0.,0.,1.));
#1719=DIRECTION('ref_axis',(1.,0.,0.));
#1720=DIRECTION('',(0.,0.,1.));
#1721=DIRECTION('center_axis',(0.,0.,1.));
#1722=DIRECTION('ref_axis',(1.,0.,0.));
#1723=DIRECTION('center_axis',(0.,0.,1.));
#1724=DIRECTION('ref_axis',(-1.,1.224646799147E-16,0.));
#1725=DIRECTION('',(0.,0.,1.));
#1726=DIRECTION('center_axis',(0.,0.,1.));
#1727=DIRECTION('ref_axis',(1.,0.,0.));
#1728=DIRECTION('',(0.,0.,1.));
#1729=DIRECTION('center_axis',(0.,0.,1.));
#1730=DIRECTION('ref_axis',(1.,0.,0.));
#1731=DIRECTION('',(0.,0.,1.));
#1732=DIRECTION('center_axis',(0.,0.,1.));
#1733=DIRECTION('ref_axis',(1.,0.,0.));
#1734=DIRECTION('',(0.,0.,1.));
#1735=DIRECTION('center_axis',(0.,0.,1.));
#1736=DIRECTION('ref_axis',(1.,0.,0.));
#1737=DIRECTION('',(0.,0.,1.));
#1738=DIRECTION('center_axis',(0.,0.,1.));
#1739=DIRECTION('ref_axis',(1.,0.,0.));
#1740=DIRECTION('',(0.,0.,1.));
#1741=DIRECTION('center_axis',(0.,0.,1.));
#1742=DIRECTION('ref_axis',(1.,0.,0.));
#1743=DIRECTION('',(0.,0.,1.));
#1744=DIRECTION('center_axis',(0.,0.,1.));
#1745=DIRECTION('ref_axis',(1.,0.,0.));
#1746=DIRECTION('',(0.,0.,1.));
#1747=DIRECTION('center_axis',(0.,0.,1.));
#1748=DIRECTION('ref_axis',(1.,0.,0.));
#1749=DIRECTION('',(0.,0.,1.));
#1750=DIRECTION('center_axis',(0.,0.,1.));
#1751=DIRECTION('ref_axis',(1.,0.,0.));
#1752=DIRECTION('',(0.,0.,1.));
#1753=DIRECTION('center_axis',(0.,0.,1.));
#1754=DIRECTION('ref_axis',(1.,0.,0.));
#1755=DIRECTION('',(0.,0.,1.));
#1756=DIRECTION('center_axis',(0.,0.,1.));
#1757=DIRECTION('ref_axis',(1.,0.,0.));
#1758=DIRECTION('',(0.,0.,1.));
#1759=DIRECTION('center_axis',(0.,0.,1.));
#1760=DIRECTION('ref_axis',(1.,0.,0.));
#1761=DIRECTION('',(0.,0.,1.));
#1762=DIRECTION('center_axis',(0.,0.,1.));
#1763=DIRECTION('ref_axis',(1.,0.,0.));
#1764=DIRECTION('',(0.,0.,1.));
#1765=DIRECTION('center_axis',(0.,0.,1.));
#1766=DIRECTION('ref_axis',(1.,0.,0.));
#1767=DIRECTION('',(0.,0.,1.));
#1768=DIRECTION('center_axis',(0.,0.,1.));
#1769=DIRECTION('ref_axis',(1.,0.,0.));
#1770=DIRECTION('',(0.,0.,1.));
#1771=DIRECTION('center_axis',(0.,0.,1.));
#1772=DIRECTION('ref_axis',(1.,0.,0.));
#1773=DIRECTION('',(0.,0.,1.));
#1774=DIRECTION('center_axis',(0.,0.,1.));
#1775=DIRECTION('ref_axis',(1.,0.,0.));
#1776=DIRECTION('',(0.,0.,1.));
#1777=DIRECTION('center_axis',(0.,0.,1.));
#1778=DIRECTION('ref_axis',(1.,0.,0.));
#1779=DIRECTION('',(0.,0.,1.));
#1780=DIRECTION('center_axis',(0.,0.,1.));
#1781=DIRECTION('ref_axis',(1.,0.,0.));
#1782=DIRECTION('',(0.,0.,1.));
#1783=DIRECTION('center_axis',(0.,0.,1.));
#1784=DIRECTION('ref_axis',(1.,0.,0.));
#1785=DIRECTION('',(0.,0.,1.));
#1786=DIRECTION('center_axis',(0.,0.,1.));
#1787=DIRECTION('ref_axis',(1.,0.,0.));
#1788=DIRECTION('',(0.,0.,1.));
#1789=DIRECTION('center_axis',(0.,0.,1.));
#1790=DIRECTION('ref_axis',(1.,0.,0.));
#1791=DIRECTION('',(0.,0.,1.));
#1792=DIRECTION('center_axis',(0.,0.,1.));
#1793=DIRECTION('ref_axis',(1.,0.,0.));
#1794=DIRECTION('',(0.,0.,1.));
#1795=DIRECTION('center_axis',(0.,0.,1.));
#1796=DIRECTION('ref_axis',(1.,0.,0.));
#1797=DIRECTION('',(0.,0.,1.));
#1798=DIRECTION('center_axis',(0.,0.,1.));
#1799=DIRECTION('ref_axis',(1.,0.,0.));
#1800=DIRECTION('',(0.,0.,1.));
#1801=DIRECTION('center_axis',(0.,0.,1.));
#1802=DIRECTION('ref_axis',(1.,0.,0.));
#1803=DIRECTION('',(0.,0.,1.));
#1804=DIRECTION('center_axis',(0.,0.,1.));
#1805=DIRECTION('ref_axis',(1.,0.,0.));
#1806=DIRECTION('',(0.,0.,1.));
#1807=DIRECTION('center_axis',(0.,0.,1.));
#1808=DIRECTION('ref_axis',(1.,0.,0.));
#1809=DIRECTION('',(0.,0.,1.));
#1810=DIRECTION('center_axis',(0.,0.,1.));
#1811=DIRECTION('ref_axis',(1.,0.,0.));
#1812=DIRECTION('',(0.,0.,1.));
#1813=DIRECTION('center_axis',(0.,0.,1.));
#1814=DIRECTION('ref_axis',(1.,0.,0.));
#1815=DIRECTION('',(0.,0.,1.));
#1816=DIRECTION('center_axis',(0.,0.,1.));
#1817=DIRECTION('ref_axis',(1.,0.,0.));
#1818=DIRECTION('',(0.,0.,1.));
#1819=DIRECTION('center_axis',(0.,0.,1.));
#1820=DIRECTION('ref_axis',(1.,0.,0.));
#1821=DIRECTION('',(0.,0.,1.));
#1822=DIRECTION('center_axis',(0.,0.,1.));
#1823=DIRECTION('ref_axis',(1.,0.,0.));
#1824=DIRECTION('',(0.,0.,1.));
#1825=DIRECTION('center_axis',(0.,0.,1.));
#1826=DIRECTION('ref_axis',(1.,0.,0.));
#1827=DIRECTION('',(0.,0.,1.));
#1828=DIRECTION('center_axis',(0.,0.,1.));
#1829=DIRECTION('ref_axis',(1.,0.,0.));
#1830=DIRECTION('',(0.,0.,1.));
#1831=DIRECTION('center_axis',(0.,0.,1.));
#1832=DIRECTION('ref_axis',(1.,0.,0.));
#1833=DIRECTION('',(0.,0.,1.));
#1834=DIRECTION('center_axis',(0.,0.,1.));
#1835=DIRECTION('ref_axis',(1.,0.,0.));
#1836=DIRECTION('',(0.,0.,1.));
#1837=DIRECTION('center_axis',(0.,0.,1.));
#1838=DIRECTION('ref_axis',(1.,0.,0.));
#1839=DIRECTION('',(0.,0.,1.));
#1840=DIRECTION('center_axis',(0.,0.,1.));
#1841=DIRECTION('ref_axis',(1.,0.,0.));
#1842=DIRECTION('',(0.,0.,1.));
#1843=DIRECTION('center_axis',(0.,0.,1.));
#1844=DIRECTION('ref_axis',(1.,0.,0.));
#1845=DIRECTION('',(0.,0.,1.));
#1846=DIRECTION('center_axis',(0.,0.,1.));
#1847=DIRECTION('ref_axis',(1.,0.,0.));
#1848=DIRECTION('',(0.,0.,1.));
#1849=DIRECTION('center_axis',(0.,0.,1.));
#1850=DIRECTION('ref_axis',(1.,0.,0.));
#1851=DIRECTION('',(0.,0.,1.));
#1852=DIRECTION('center_axis',(0.,0.,1.));
#1853=DIRECTION('ref_axis',(1.,0.,0.));
#1854=DIRECTION('',(0.,0.,1.));
#1855=DIRECTION('center_axis',(0.,0.,1.));
#1856=DIRECTION('ref_axis',(1.,0.,0.));
#1857=DIRECTION('',(0.,0.,1.));
#1858=DIRECTION('center_axis',(0.,0.,1.));
#1859=DIRECTION('ref_axis',(1.,0.,0.));
#1860=DIRECTION('',(0.,0.,1.));
#1861=DIRECTION('center_axis',(0.,0.,1.));
#1862=DIRECTION('ref_axis',(1.,0.,0.));
#1863=DIRECTION('',(0.,0.,1.));
#1864=DIRECTION('center_axis',(0.,0.,1.));
#1865=DIRECTION('ref_axis',(1.,0.,0.));
#1866=DIRECTION('',(0.,0.,1.));
#1867=DIRECTION('center_axis',(0.,0.,1.));
#1868=DIRECTION('ref_axis',(1.,0.,0.));
#1869=DIRECTION('',(0.,0.,1.));
#1870=DIRECTION('center_axis',(0.,0.,1.));
#1871=DIRECTION('ref_axis',(1.,0.,0.));
#1872=DIRECTION('',(0.,0.,1.));
#1873=DIRECTION('center_axis',(0.,0.,1.));
#1874=DIRECTION('ref_axis',(1.,0.,0.));
#1875=DIRECTION('',(0.,0.,1.));
#1876=DIRECTION('center_axis',(0.,0.,1.));
#1877=DIRECTION('ref_axis',(1.,0.,0.));
#1878=DIRECTION('',(0.,0.,1.));
#1879=DIRECTION('center_axis',(0.,0.,1.));
#1880=DIRECTION('ref_axis',(1.,0.,0.));
#1881=DIRECTION('',(0.,0.,1.));
#1882=DIRECTION('center_axis',(0.,0.,1.));
#1883=DIRECTION('ref_axis',(1.,0.,0.));
#1884=DIRECTION('',(0.,0.,1.));
#1885=DIRECTION('center_axis',(0.,0.,1.));
#1886=DIRECTION('ref_axis',(1.,0.,0.));
#1887=DIRECTION('',(0.,0.,1.));
#1888=DIRECTION('center_axis',(0.,0.,1.));
#1889=DIRECTION('ref_axis',(1.,0.,0.));
#1890=DIRECTION('',(0.,0.,1.));
#1891=DIRECTION('center_axis',(0.,0.,1.));
#1892=DIRECTION('ref_axis',(1.,0.,0.));
#1893=DIRECTION('',(0.,0.,1.));
#1894=DIRECTION('center_axis',(0.,0.,1.));
#1895=DIRECTION('ref_axis',(1.,0.,0.));
#1896=DIRECTION('',(0.,0.,1.));
#1897=DIRECTION('center_axis',(0.,0.,1.));
#1898=DIRECTION('ref_axis',(1.,0.,0.));
#1899=DIRECTION('center_axis',(0.,0.,1.));
#1900=DIRECTION('ref_axis',(-1.,1.224646799147E-16,0.));
#1901=DIRECTION('center_axis',(0.,0.,1.));
#1902=DIRECTION('ref_axis',(-1.,1.224646799147E-16,0.));
#1903=DIRECTION('center_axis',(-3.53261774119284E-29,1.,0.));
#1904=DIRECTION('ref_axis',(1.,3.53261774119284E-29,0.));
#1905=DIRECTION('center_axis',(0.,0.,1.));
#1906=DIRECTION('ref_axis',(1.,0.,0.));
#1907=DIRECTION('center_axis',(0.,0.,1.));
#1908=DIRECTION('ref_axis',(-1.,1.224646799147E-16,0.));
#1909=DIRECTION('center_axis',(0.,0.,-1.));
#1910=DIRECTION('ref_axis',(1.,3.53343947130245E-29,0.));
#1911=DIRECTION('center_axis',(0.,0.,1.));
#1912=DIRECTION('ref_axis',(-1.,1.224646799147E-16,0.));
#1913=DIRECTION('center_axis',(0.,0.,1.));
#1914=DIRECTION('ref_axis',(1.,0.,0.));
#1915=DIRECTION('center_axis',(0.,0.,-1.));
#1916=DIRECTION('ref_axis',(-1.,1.224646799147E-16,0.));
#1917=DIRECTION('center_axis',(0.,0.,1.));
#1918=DIRECTION('ref_axis',(-1.,1.224646799147E-16,0.));
#1919=DIRECTION('center_axis',(-2.44929359829435E-16,-1.,0.));
#1920=DIRECTION('ref_axis',(1.,-2.44929359829435E-16,0.));
#1921=DIRECTION('center_axis',(0.,0.,-1.));
#1922=DIRECTION('ref_axis',(0.978147600733815,0.207911690817717,0.));
#1923=DIRECTION('center_axis',(0.,0.,1.));
#1924=DIRECTION('ref_axis',(-0.978147600733765,-0.20791169081795,0.));
#1925=DIRECTION('center_axis',(0.,0.,1.));
#1926=DIRECTION('ref_axis',(-0.978147600733765,-0.20791169081795,0.));
#1927=DIRECTION('center_axis',(0.,0.,1.));
#1928=DIRECTION('ref_axis',(1.,0.,0.));
#1929=DIRECTION('center_axis',(0.,0.,1.));
#1930=DIRECTION('ref_axis',(1.,0.,0.));
#1931=DIRECTION('center_axis',(0.,0.,-1.));
#1932=DIRECTION('ref_axis',(0.913545457642482,0.406736643076067,0.));
#1933=DIRECTION('center_axis',(0.,0.,1.));
#1934=DIRECTION('ref_axis',(-0.913545457642593,-0.406736643075819,0.));
#1935=DIRECTION('center_axis',(0.,0.,1.));
#1936=DIRECTION('ref_axis',(-0.913545457642593,-0.406736643075819,0.));
#1937=DIRECTION('center_axis',(0.,0.,1.));
#1938=DIRECTION('ref_axis',(1.,0.,0.));
#1939=DIRECTION('center_axis',(0.,0.,1.));
#1940=DIRECTION('ref_axis',(1.,0.,0.));
#1941=DIRECTION('center_axis',(0.,0.,-1.));
#1942=DIRECTION('ref_axis',(0.809016994375166,0.587785252292172,0.));
#1943=DIRECTION('center_axis',(0.,0.,1.));
#1944=DIRECTION('ref_axis',(-0.809016994375191,-0.587785252292138,0.));
#1945=DIRECTION('center_axis',(0.,0.,1.));
#1946=DIRECTION('ref_axis',(-0.809016994375191,-0.587785252292138,0.));
#1947=DIRECTION('center_axis',(0.,0.,1.));
#1948=DIRECTION('ref_axis',(1.,0.,0.));
#1949=DIRECTION('center_axis',(0.,0.,1.));
#1950=DIRECTION('ref_axis',(1.,0.,0.));
#1951=DIRECTION('center_axis',(0.,0.,-1.));
#1952=DIRECTION('ref_axis',(0.669130606358823,0.743144825477425,0.));
#1953=DIRECTION('center_axis',(0.,0.,1.));
#1954=DIRECTION('ref_axis',(-0.669130606359132,-0.743144825477147,0.));
#1955=DIRECTION('center_axis',(0.,0.,1.));
#1956=DIRECTION('ref_axis',(-0.669130606359132,-0.743144825477147,0.));
#1957=DIRECTION('center_axis',(0.,0.,1.));
#1958=DIRECTION('ref_axis',(1.,0.,0.));
#1959=DIRECTION('center_axis',(0.,0.,1.));
#1960=DIRECTION('ref_axis',(1.,0.,0.));
#1961=DIRECTION('center_axis',(0.,0.,-1.));
#1962=DIRECTION('ref_axis',(0.50000000000015,0.866025403784352,0.));
#1963=DIRECTION('center_axis',(0.,0.,1.));
#1964=DIRECTION('ref_axis',(-0.50000000000019,-0.866025403784329,0.));
#1965=DIRECTION('center_axis',(0.,0.,1.));
#1966=DIRECTION('ref_axis',(-0.50000000000019,-0.866025403784329,0.));
#1967=DIRECTION('center_axis',(0.,0.,1.));
#1968=DIRECTION('ref_axis',(1.,0.,0.));
#1969=DIRECTION('center_axis',(0.,0.,1.));
#1970=DIRECTION('ref_axis',(1.,0.,0.));
#1971=DIRECTION('center_axis',(0.,0.,-1.));
#1972=DIRECTION('ref_axis',(0.309016994375147,0.951056516295089,0.));
#1973=DIRECTION('center_axis',(0.,0.,1.));
#1974=DIRECTION('ref_axis',(-0.30901699437504,-0.951056516295123,0.));
#1975=DIRECTION('center_axis',(0.,0.,1.));
#1976=DIRECTION('ref_axis',(-0.30901699437504,-0.951056516295123,0.));
#1977=DIRECTION('center_axis',(0.,0.,1.));
#1978=DIRECTION('ref_axis',(1.,0.,0.));
#1979=DIRECTION('center_axis',(0.,0.,1.));
#1980=DIRECTION('ref_axis',(1.,0.,0.));
#1981=DIRECTION('center_axis',(0.,0.,-1.));
#1982=DIRECTION('ref_axis',(0.10452846326812,0.994521895368224,0.));
#1983=DIRECTION('center_axis',(0.,0.,1.));
#1984=DIRECTION('ref_axis',(-0.104528463268025,-0.994521895368234,0.));
#1985=DIRECTION('center_axis',(0.,0.,1.));
#1986=DIRECTION('ref_axis',(-0.104528463268025,-0.994521895368234,0.));
#1987=DIRECTION('center_axis',(0.,0.,1.));
#1988=DIRECTION('ref_axis',(1.,0.,0.));
#1989=DIRECTION('center_axis',(0.,0.,1.));
#1990=DIRECTION('ref_axis',(1.,0.,0.));
#1991=DIRECTION('center_axis',(0.,0.,-1.));
#1992=DIRECTION('ref_axis',(-0.10452846326812,0.994521895368224,0.));
#1993=DIRECTION('center_axis',(0.,0.,1.));
#1994=DIRECTION('ref_axis',(0.104528463268025,-0.994521895368234,0.));
#1995=DIRECTION('center_axis',(0.,0.,1.));
#1996=DIRECTION('ref_axis',(0.104528463268025,-0.994521895368234,0.));
#1997=DIRECTION('center_axis',(0.,0.,1.));
#1998=DIRECTION('ref_axis',(1.,0.,0.));
#1999=DIRECTION('center_axis',(0.,0.,1.));
#2000=DIRECTION('ref_axis',(1.,0.,0.));
#2001=DIRECTION('center_axis',(0.,0.,-1.));
#2002=DIRECTION('ref_axis',(-0.309016994375147,0.951056516295088,0.));
#2003=DIRECTION('center_axis',(0.,0.,1.));
#2004=DIRECTION('ref_axis',(0.30901699437504,-0.951056516295123,0.));
#2005=DIRECTION('center_axis',(0.,0.,1.));
#2006=DIRECTION('ref_axis',(0.30901699437504,-0.951056516295123,0.));
#2007=DIRECTION('center_axis',(0.,0.,1.));
#2008=DIRECTION('ref_axis',(1.,0.,0.));
#2009=DIRECTION('center_axis',(0.,0.,1.));
#2010=DIRECTION('ref_axis',(1.,0.,0.));
#2011=DIRECTION('center_axis',(0.,0.,-1.));
#2012=DIRECTION('ref_axis',(-0.50000000000015,0.866025403784352,0.));
#2013=DIRECTION('center_axis',(0.,0.,1.));
#2014=DIRECTION('ref_axis',(0.50000000000019,-0.866025403784329,0.));
#2015=DIRECTION('center_axis',(0.,0.,1.));
#2016=DIRECTION('ref_axis',(0.50000000000019,-0.866025403784329,0.));
#2017=DIRECTION('center_axis',(0.,0.,1.));
#2018=DIRECTION('ref_axis',(1.,0.,0.));
#2019=DIRECTION('center_axis',(0.,0.,1.));
#2020=DIRECTION('ref_axis',(1.,0.,0.));
#2021=DIRECTION('center_axis',(0.,0.,-1.));
#2022=DIRECTION('ref_axis',(-0.669130606358824,0.743144825477425,0.));
#2023=DIRECTION('center_axis',(0.,0.,1.));
#2024=DIRECTION('ref_axis',(0.669130606359132,-0.743144825477147,0.));
#2025=DIRECTION('center_axis',(0.,0.,1.));
#2026=DIRECTION('ref_axis',(0.669130606359132,-0.743144825477147,0.));
#2027=DIRECTION('center_axis',(0.,0.,1.));
#2028=DIRECTION('ref_axis',(1.,0.,0.));
#2029=DIRECTION('center_axis',(0.,0.,1.));
#2030=DIRECTION('ref_axis',(1.,0.,0.));
#2031=DIRECTION('center_axis',(0.,0.,-1.));
#2032=DIRECTION('ref_axis',(-0.809016994375166,0.587785252292172,0.));
#2033=DIRECTION('center_axis',(0.,0.,1.));
#2034=DIRECTION('ref_axis',(0.809016994375191,-0.587785252292138,0.));
#2035=DIRECTION('center_axis',(0.,0.,1.));
#2036=DIRECTION('ref_axis',(0.809016994375191,-0.587785252292138,0.));
#2037=DIRECTION('center_axis',(0.,0.,1.));
#2038=DIRECTION('ref_axis',(1.,0.,0.));
#2039=DIRECTION('center_axis',(0.,0.,1.));
#2040=DIRECTION('ref_axis',(1.,0.,0.));
#2041=DIRECTION('center_axis',(0.,0.,-1.));
#2042=DIRECTION('ref_axis',(-0.913545457642482,0.406736643076066,0.));
#2043=DIRECTION('center_axis',(0.,0.,1.));
#2044=DIRECTION('ref_axis',(0.913545457642593,-0.406736643075819,0.));
#2045=DIRECTION('center_axis',(0.,0.,1.));
#2046=DIRECTION('ref_axis',(0.913545457642593,-0.406736643075819,0.));
#2047=DIRECTION('center_axis',(0.,0.,1.));
#2048=DIRECTION('ref_axis',(1.,0.,0.));
#2049=DIRECTION('center_axis',(0.,0.,1.));
#2050=DIRECTION('ref_axis',(1.,0.,0.));
#2051=DIRECTION('center_axis',(0.,0.,-1.));
#2052=DIRECTION('ref_axis',(-0.978147600733815,0.207911690817717,0.));
#2053=DIRECTION('center_axis',(0.,0.,1.));
#2054=DIRECTION('ref_axis',(0.978147600733765,-0.20791169081795,0.));
#2055=DIRECTION('center_axis',(0.,0.,1.));
#2056=DIRECTION('ref_axis',(0.978147600733765,-0.20791169081795,0.));
#2057=DIRECTION('center_axis',(0.,0.,1.));
#2058=DIRECTION('ref_axis',(1.,0.,0.));
#2059=DIRECTION('center_axis',(0.,0.,1.));
#2060=DIRECTION('ref_axis',(1.,0.,0.));
#2061=DIRECTION('center_axis',(0.,0.,-1.));
#2062=DIRECTION('ref_axis',(-1.,-1.22464679914735E-16,0.));
#2063=DIRECTION('center_axis',(0.,0.,1.));
#2064=DIRECTION('ref_axis',(1.,0.,0.));
#2065=DIRECTION('center_axis',(0.,0.,1.));
#2066=DIRECTION('ref_axis',(1.,0.,0.));
#2067=DIRECTION('center_axis',(0.,0.,1.));
#2068=DIRECTION('ref_axis',(1.,0.,0.));
#2069=DIRECTION('center_axis',(0.,0.,1.));
#2070=DIRECTION('ref_axis',(1.,0.,0.));
#2071=DIRECTION('center_axis',(0.,0.,-1.));
#2072=DIRECTION('ref_axis',(-0.978147600733815,-0.207911690817717,0.));
#2073=DIRECTION('center_axis',(0.,0.,1.));
#2074=DIRECTION('ref_axis',(0.978147600733765,0.20791169081795,0.));
#2075=DIRECTION('center_axis',(0.,0.,1.));
#2076=DIRECTION('ref_axis',(0.978147600733765,0.20791169081795,0.));
#2077=DIRECTION('center_axis',(0.,0.,1.));
#2078=DIRECTION('ref_axis',(1.,0.,0.));
#2079=DIRECTION('center_axis',(0.,0.,1.));
#2080=DIRECTION('ref_axis',(1.,0.,0.));
#2081=DIRECTION('center_axis',(0.,0.,-1.));
#2082=DIRECTION('ref_axis',(-0.913545457642482,-0.406736643076067,0.));
#2083=DIRECTION('center_axis',(0.,0.,1.));
#2084=DIRECTION('ref_axis',(0.913545457642593,0.406736643075819,0.));
#2085=DIRECTION('center_axis',(0.,0.,1.));
#2086=DIRECTION('ref_axis',(0.913545457642593,0.406736643075819,0.));
#2087=DIRECTION('center_axis',(0.,0.,1.));
#2088=DIRECTION('ref_axis',(1.,0.,0.));
#2089=DIRECTION('center_axis',(0.,0.,1.));
#2090=DIRECTION('ref_axis',(1.,0.,0.));
#2091=DIRECTION('center_axis',(0.,0.,-1.));
#2092=DIRECTION('ref_axis',(-0.809016994375166,-0.587785252292172,0.));
#2093=DIRECTION('center_axis',(0.,0.,1.));
#2094=DIRECTION('ref_axis',(0.809016994375191,0.587785252292138,0.));
#2095=DIRECTION('center_axis',(0.,0.,1.));
#2096=DIRECTION('ref_axis',(0.809016994375191,0.587785252292138,0.));
#2097=DIRECTION('center_axis',(0.,0.,1.));
#2098=DIRECTION('ref_axis',(1.,0.,0.));
#2099=DIRECTION('center_axis',(0.,0.,1.));
#2100=DIRECTION('ref_axis',(1.,0.,0.));
#2101=DIRECTION('center_axis',(0.,0.,-1.));
#2102=DIRECTION('ref_axis',(-0.669130606358823,-0.743144825477425,0.));
#2103=DIRECTION('center_axis',(0.,0.,1.));
#2104=DIRECTION('ref_axis',(0.669130606359132,0.743144825477147,0.));
#2105=DIRECTION('center_axis',(0.,0.,1.));
#2106=DIRECTION('ref_axis',(0.669130606359132,0.743144825477147,0.));
#2107=DIRECTION('center_axis',(0.,0.,1.));
#2108=DIRECTION('ref_axis',(1.,0.,0.));
#2109=DIRECTION('center_axis',(0.,0.,1.));
#2110=DIRECTION('ref_axis',(1.,0.,0.));
#2111=DIRECTION('center_axis',(0.,0.,-1.));
#2112=DIRECTION('ref_axis',(-0.50000000000015,-0.866025403784352,0.));
#2113=DIRECTION('center_axis',(0.,0.,1.));
#2114=DIRECTION('ref_axis',(0.50000000000019,0.866025403784329,0.));
#2115=DIRECTION('center_axis',(0.,0.,1.));
#2116=DIRECTION('ref_axis',(0.50000000000019,0.866025403784329,0.));
#2117=DIRECTION('center_axis',(0.,0.,1.));
#2118=DIRECTION('ref_axis',(1.,0.,0.));
#2119=DIRECTION('center_axis',(0.,0.,1.));
#2120=DIRECTION('ref_axis',(1.,0.,0.));
#2121=DIRECTION('center_axis',(0.,0.,-1.));
#2122=DIRECTION('ref_axis',(-0.309016994375147,-0.951056516295089,0.));
#2123=DIRECTION('center_axis',(0.,0.,1.));
#2124=DIRECTION('ref_axis',(0.30901699437504,0.951056516295123,0.));
#2125=DIRECTION('center_axis',(0.,0.,1.));
#2126=DIRECTION('ref_axis',(0.30901699437504,0.951056516295123,0.));
#2127=DIRECTION('center_axis',(0.,0.,1.));
#2128=DIRECTION('ref_axis',(1.,0.,0.));
#2129=DIRECTION('center_axis',(0.,0.,1.));
#2130=DIRECTION('ref_axis',(1.,0.,0.));
#2131=DIRECTION('center_axis',(0.,0.,-1.));
#2132=DIRECTION('ref_axis',(-0.10452846326812,-0.994521895368224,0.));
#2133=DIRECTION('center_axis',(0.,0.,1.));
#2134=DIRECTION('ref_axis',(0.104528463268025,0.994521895368234,0.));
#2135=DIRECTION('center_axis',(0.,0.,1.));
#2136=DIRECTION('ref_axis',(0.104528463268025,0.994521895368234,0.));
#2137=DIRECTION('center_axis',(0.,0.,1.));
#2138=DIRECTION('ref_axis',(1.,0.,0.));
#2139=DIRECTION('center_axis',(0.,0.,1.));
#2140=DIRECTION('ref_axis',(1.,0.,0.));
#2141=DIRECTION('center_axis',(0.,0.,-1.));
#2142=DIRECTION('ref_axis',(0.10452846326812,-0.994521895368224,0.));
#2143=DIRECTION('center_axis',(0.,0.,1.));
#2144=DIRECTION('ref_axis',(-0.104528463268025,0.994521895368234,0.));
#2145=DIRECTION('center_axis',(0.,0.,1.));
#2146=DIRECTION('ref_axis',(-0.104528463268025,0.994521895368234,0.));
#2147=DIRECTION('center_axis',(0.,0.,1.));
#2148=DIRECTION('ref_axis',(1.,0.,0.));
#2149=DIRECTION('center_axis',(0.,0.,1.));
#2150=DIRECTION('ref_axis',(1.,0.,0.));
#2151=DIRECTION('center_axis',(0.,0.,-1.));
#2152=DIRECTION('ref_axis',(0.309016994375147,-0.951056516295088,0.));
#2153=DIRECTION('center_axis',(0.,0.,1.));
#2154=DIRECTION('ref_axis',(-0.30901699437504,0.951056516295123,0.));
#2155=DIRECTION('center_axis',(0.,0.,1.));
#2156=DIRECTION('ref_axis',(-0.30901699437504,0.951056516295123,0.));
#2157=DIRECTION('center_axis',(0.,0.,1.));
#2158=DIRECTION('ref_axis',(1.,0.,0.));
#2159=DIRECTION('center_axis',(0.,0.,1.));
#2160=DIRECTION('ref_axis',(1.,0.,0.));
#2161=DIRECTION('center_axis',(0.,0.,-1.));
#2162=DIRECTION('ref_axis',(0.499999999999943,-0.866025403784472,0.));
#2163=DIRECTION('center_axis',(0.,0.,1.));
#2164=DIRECTION('ref_axis',(-0.50000000000019,0.866025403784329,0.));
#2165=DIRECTION('center_axis',(0.,0.,1.));
#2166=DIRECTION('ref_axis',(-0.50000000000019,0.866025403784329,0.));
#2167=DIRECTION('center_axis',(0.,0.,1.));
#2168=DIRECTION('ref_axis',(1.,0.,0.));
#2169=DIRECTION('center_axis',(0.,0.,1.));
#2170=DIRECTION('ref_axis',(1.,0.,0.));
#2171=DIRECTION('center_axis',(0.,0.,-1.));
#2172=DIRECTION('ref_axis',(0.669130606358824,-0.743144825477425,0.));
#2173=DIRECTION('center_axis',(0.,0.,1.));
#2174=DIRECTION('ref_axis',(-0.669130606359132,0.743144825477147,0.));
#2175=DIRECTION('center_axis',(0.,0.,1.));
#2176=DIRECTION('ref_axis',(-0.669130606359132,0.743144825477147,0.));
#2177=DIRECTION('center_axis',(0.,0.,1.));
#2178=DIRECTION('ref_axis',(1.,0.,0.));
#2179=DIRECTION('center_axis',(0.,0.,1.));
#2180=DIRECTION('ref_axis',(1.,0.,0.));
#2181=DIRECTION('center_axis',(0.,0.,-1.));
#2182=DIRECTION('ref_axis',(0.809016994375166,-0.587785252292172,0.));
#2183=DIRECTION('center_axis',(0.,0.,1.));
#2184=DIRECTION('ref_axis',(-0.809016994375191,0.587785252292138,0.));
#2185=DIRECTION('center_axis',(0.,0.,1.));
#2186=DIRECTION('ref_axis',(-0.809016994375191,0.587785252292138,0.));
#2187=DIRECTION('center_axis',(0.,0.,1.));
#2188=DIRECTION('ref_axis',(1.,0.,0.));
#2189=DIRECTION('center_axis',(0.,0.,1.));
#2190=DIRECTION('ref_axis',(1.,0.,0.));
#2191=DIRECTION('center_axis',(0.,0.,-1.));
#2192=DIRECTION('ref_axis',(0.913545457642482,-0.406736643076066,0.));
#2193=DIRECTION('center_axis',(0.,0.,1.));
#2194=DIRECTION('ref_axis',(-0.913545457642593,0.406736643075819,0.));
#2195=DIRECTION('center_axis',(0.,0.,1.));
#2196=DIRECTION('ref_axis',(-0.913545457642593,0.406736643075819,0.));
#2197=DIRECTION('center_axis',(0.,0.,1.));
#2198=DIRECTION('ref_axis',(1.,0.,0.));
#2199=DIRECTION('center_axis',(0.,0.,1.));
#2200=DIRECTION('ref_axis',(1.,0.,0.));
#2201=DIRECTION('center_axis',(0.,0.,-1.));
#2202=DIRECTION('ref_axis',(0.978147600733815,-0.207911690817717,0.));
#2203=DIRECTION('center_axis',(0.,0.,1.));
#2204=DIRECTION('ref_axis',(-0.978147600733765,0.20791169081795,0.));
#2205=DIRECTION('center_axis',(0.,0.,1.));
#2206=DIRECTION('ref_axis',(-0.978147600733765,0.20791169081795,0.));
#2207=DIRECTION('center_axis',(0.,0.,1.));
#2208=DIRECTION('ref_axis',(1.,0.,0.));
#2209=DIRECTION('center_axis',(0.,0.,1.));
#2210=DIRECTION('ref_axis',(1.,0.,0.));
#2211=DIRECTION('center_axis',(0.,0.,1.));
#2212=DIRECTION('ref_axis',(1.,0.,0.));
#2213=DIRECTION('center_axis',(0.,0.,1.));
#2214=DIRECTION('ref_axis',(1.,0.,0.));
#2215=DIRECTION('center_axis',(0.,0.,-1.));
#2216=DIRECTION('ref_axis',(1.,0.,0.));
#2217=DIRECTION('',(0.,-1.,0.));
#2218=DIRECTION('center_axis',(0.,0.,1.));
#2219=DIRECTION('ref_axis',(-1.,1.224646799147E-16,0.));
#2220=DIRECTION('',(0.,0.,1.));
#2221=DIRECTION('center_axis',(0.,0.,1.));
#2222=DIRECTION('ref_axis',(1.,0.,0.));
#2223=DIRECTION('',(0.,0.,-1.));
#2224=DIRECTION('center_axis',(-1.,0.,0.));
#2225=DIRECTION('ref_axis',(0.,-1.,0.));
#2226=DIRECTION('',(0.,-1.,0.));
#2227=DIRECTION('center_axis',(0.,0.,1.));
#2228=DIRECTION('ref_axis',(-1.,0.,0.));
#2229=CARTESIAN_POINT('',(0.,0.,0.));
#2230=CARTESIAN_POINT('Origin',(0.,0.,0.));
#2231=CARTESIAN_POINT('',(-9.,1.102182119233E-15,13.8));
#2232=CARTESIAN_POINT('',(9.,3.17935596707356E-28,13.8));
#2233=CARTESIAN_POINT('Origin',(0.,0.,13.8));
#2234=CARTESIAN_POINT('',(-9.,-1.10218211923262E-15,13.3));
#2235=CARTESIAN_POINT('',(-9.,-1.10218211923262E-15,0.));
#2236=CARTESIAN_POINT('',(-8.963235294118,-0.812658022962,13.3));
#2237=CARTESIAN_POINT('Origin',(0.,0.,13.3));
#2238=CARTESIAN_POINT('',(-8.963235294118,-0.812658022962,1.5));
#2239=CARTESIAN_POINT('',(-8.963235294118,-0.812658022962,0.));
#2240=CARTESIAN_POINT('',(-9.,-1.10218211923262E-15,1.5));
#2241=CARTESIAN_POINT('Origin',(0.,0.,1.5));
#2242=CARTESIAN_POINT('',(-9.,1.102182119233E-15,0.6));
#2243=CARTESIAN_POINT('',(-9.,-1.10218211923262E-15,0.));
#2244=CARTESIAN_POINT('',(9.,-2.20436423846492E-15,0.6));
#2245=CARTESIAN_POINT('Origin',(0.,0.,0.6));
#2246=CARTESIAN_POINT('Origin',(0.,0.,0.6));
#2247=CARTESIAN_POINT('',(-8.963235294118,0.812658022962,1.5));
#2248=CARTESIAN_POINT('Origin',(0.,0.,1.5));
#2249=CARTESIAN_POINT('',(-8.963235294118,0.812658022962,13.3));
#2250=CARTESIAN_POINT('',(-8.963235294118,0.812658022962,0.));
#2251=CARTESIAN_POINT('Origin',(0.,0.,13.3));
#2252=CARTESIAN_POINT('Origin',(0.,0.,13.8));
#2253=CARTESIAN_POINT('',(-8.598405994143,-2.658460900574,1.5));
#2254=CARTESIAN_POINT('',(-8.598405994143,-2.658460900574,13.3));
#2255=CARTESIAN_POINT('',(-8.598405994143,-2.658460900574,0.));
#2256=CARTESIAN_POINT('',(-8.936328201364,-1.068661909821,1.5));
#2257=CARTESIAN_POINT('Origin',(0.,0.,1.5));
#2258=CARTESIAN_POINT('',(-8.936328201364,-1.068661909821,13.3));
#2259=CARTESIAN_POINT('',(-8.936328201364,-1.068661909821,0.));
#2260=CARTESIAN_POINT('Origin',(0.,0.,13.3));
#2261=CARTESIAN_POINT('',(-7.857785092495,-4.388076280121,1.5));
#2262=CARTESIAN_POINT('',(-7.857785092495,-4.388076280121,13.3));
#2263=CARTESIAN_POINT('',(-7.857785092495,-4.388076280121,0.));
#2264=CARTESIAN_POINT('',(-8.518860684951,-2.903276189135,1.5));
#2265=CARTESIAN_POINT('Origin',(0.,0.,1.5));
#2266=CARTESIAN_POINT('',(-8.518860684951,-2.903276189135,13.3));
#2267=CARTESIAN_POINT('',(-8.518860684951,-2.903276189135,0.));
#2268=CARTESIAN_POINT('Origin',(0.,0.,13.3));
#2269=CARTESIAN_POINT('',(-6.773741276469,-5.925911669901,1.5));
#2270=CARTESIAN_POINT('',(-6.773741276469,-5.925911669901,13.3));
#2271=CARTESIAN_POINT('',(-6.773741276469,-5.925911669901,0.));
#2272=CARTESIAN_POINT('',(-7.729078078576,-4.611003367519,1.5));
#2273=CARTESIAN_POINT('Origin',(0.,0.,1.5));
#2274=CARTESIAN_POINT('',(-7.729078078576,-4.611003367519,13.3));
#2275=CARTESIAN_POINT('',(-7.729078078576,-4.611003367519,0.));
#2276=CARTESIAN_POINT('Origin',(0.,0.,13.3));
#2277=CARTESIAN_POINT('',(-5.393652462644,-7.204756284027,1.5));
#2278=CARTESIAN_POINT('',(-5.393652462644,-7.204756284027,13.3));
#2279=CARTESIAN_POINT('',(-5.393652462644,-7.204756284027,0.));
#2280=CARTESIAN_POINT('',(-6.601497671937,-6.117207572693,1.5));
#2281=CARTESIAN_POINT('Origin',(0.,0.,1.5));
#2282=CARTESIAN_POINT('',(-6.601497671937,-6.117207572693,13.3));
#2283=CARTESIAN_POINT('',(-6.601497671937,-6.117207572693,0.));
#2284=CARTESIAN_POINT('Origin',(0.,0.,13.3));
#2285=CARTESIAN_POINT('',(-3.777835154585,-8.168718476284,1.5));
#2286=CARTESIAN_POINT('',(-3.777835154585,-8.168718476284,13.3));
#2287=CARTESIAN_POINT('',(-3.777835154585,-8.168718476284,0.));
#2288=CARTESIAN_POINT('',(-5.185400139533,-7.356060453322,1.5));
#2289=CARTESIAN_POINT('Origin',(0.,0.,1.5));
#2290=CARTESIAN_POINT('',(-5.185400139533,-7.356060453322,13.3));
#2291=CARTESIAN_POINT('',(-5.185400139533,-7.356060453322,0.));
#2292=CARTESIAN_POINT('Origin',(0.,0.,13.3));
#2293=CARTESIAN_POINT('',(-1.996908322207,-8.775668473268,1.5));
#2294=CARTESIAN_POINT('',(-1.996908322207,-8.775668473268,13.3));
#2295=CARTESIAN_POINT('',(-1.996908322207,-8.775668473268,0.));
#2296=CARTESIAN_POINT('',(-3.542675738721,-8.273418193847,1.5));
#2297=CARTESIAN_POINT('Origin',(0.,0.,1.5));
#2298=CARTESIAN_POINT('',(-3.542675738721,-8.273418193847,13.3));
#2299=CARTESIAN_POINT('',(-3.542675738721,-8.273418193847,0.));
#2300=CARTESIAN_POINT('Origin',(0.,0.,13.3));
#2301=CARTESIAN_POINT('',(-0.128707013919,-8.99907964764,1.5));
#2302=CARTESIAN_POINT('',(-0.128707013919,-8.99907964764,13.3));
#2303=CARTESIAN_POINT('',(-0.128707013919,-8.99907964764,0.));
#2304=CARTESIAN_POINT('',(-1.745119408482,-8.829187859035,1.5));
#2305=CARTESIAN_POINT('Origin',(0.,0.,1.5));
#2306=CARTESIAN_POINT('',(-1.745119408482,-8.829187859035,13.3));
#2307=CARTESIAN_POINT('',(-1.745119408482,-8.829187859035,0.));
#2308=CARTESIAN_POINT('Origin',(0.,0.,13.3));
#2309=CARTESIAN_POINT('',(1.745119408482,-8.829187859035,1.5));
#2310=CARTESIAN_POINT('',(1.745119408482,-8.829187859035,13.3));
#2311=CARTESIAN_POINT('',(1.745119408482,-8.829187859035,0.));
#2312=CARTESIAN_POINT('',(0.128707013919,-8.99907964764,1.5));
#2313=CARTESIAN_POINT('Origin',(0.,0.,1.5));
#2314=CARTESIAN_POINT('',(0.128707013919,-8.99907964764,13.3));
#2315=CARTESIAN_POINT('',(0.128707013919,-8.99907964764,0.));
#2316=CARTESIAN_POINT('Origin',(0.,0.,13.3));
#2317=CARTESIAN_POINT('',(3.542675738721,-8.273418193847,1.5));
#2318=CARTESIAN_POINT('',(3.542675738721,-8.273418193847,13.3));
#2319=CARTESIAN_POINT('',(3.542675738721,-8.273418193847,0.));
#2320=CARTESIAN_POINT('',(1.996908322207,-8.775668473268,1.5));
#2321=CARTESIAN_POINT('Origin',(0.,0.,1.5));
#2322=CARTESIAN_POINT('',(1.996908322207,-8.775668473268,13.3));
#2323=CARTESIAN_POINT('',(1.996908322207,-8.775668473268,0.));
#2324=CARTESIAN_POINT('Origin',(0.,0.,13.3));
#2325=CARTESIAN_POINT('',(5.185400139533,-7.356060453322,1.5));
#2326=CARTESIAN_POINT('',(5.185400139533,-7.356060453322,13.3));
#2327=CARTESIAN_POINT('',(5.185400139533,-7.356060453322,0.));
#2328=CARTESIAN_POINT('',(3.777835154585,-8.168718476284,1.5));
#2329=CARTESIAN_POINT('Origin',(0.,0.,1.5));
#2330=CARTESIAN_POINT('',(3.777835154585,-8.168718476284,13.3));
#2331=CARTESIAN_POINT('',(3.777835154585,-8.168718476284,0.));
#2332=CARTESIAN_POINT('Origin',(0.,0.,13.3));
#2333=CARTESIAN_POINT('',(6.601497671937,-6.117207572693,1.5));
#2334=CARTESIAN_POINT('',(6.601497671937,-6.117207572693,13.3));
#2335=CARTESIAN_POINT('',(6.601497671937,-6.117207572693,0.));
#2336=CARTESIAN_POINT('',(5.393652462644,-7.204756284027,1.5));
#2337=CARTESIAN_POINT('Origin',(0.,0.,1.5));
#2338=CARTESIAN_POINT('',(5.393652462644,-7.204756284027,13.3));
#2339=CARTESIAN_POINT('',(5.393652462644,-7.204756284027,0.));
#2340=CARTESIAN_POINT('Origin',(0.,0.,13.3));
#2341=CARTESIAN_POINT('',(7.729078078576,-4.611003367519,1.5));
#2342=CARTESIAN_POINT('',(7.729078078576,-4.611003367519,13.3));
#2343=CARTESIAN_POINT('',(7.729078078576,-4.611003367519,0.));
#2344=CARTESIAN_POINT('',(6.773741276469,-5.925911669901,1.5));
#2345=CARTESIAN_POINT('Origin',(0.,0.,1.5));
#2346=CARTESIAN_POINT('',(6.773741276469,-5.925911669901,13.3));
#2347=CARTESIAN_POINT('',(6.773741276469,-5.925911669901,0.));
#2348=CARTESIAN_POINT('Origin',(0.,0.,13.3));
#2349=CARTESIAN_POINT('',(8.518860684951,-2.903276189135,1.5));
#2350=CARTESIAN_POINT('',(8.518860684951,-2.903276189135,13.3));
#2351=CARTESIAN_POINT('',(8.518860684951,-2.903276189135,0.));
#2352=CARTESIAN_POINT('',(7.857785092495,-4.388076280121,1.5));
#2353=CARTESIAN_POINT('Origin',(0.,0.,1.5));
#2354=CARTESIAN_POINT('',(7.857785092495,-4.388076280121,13.3));
#2355=CARTESIAN_POINT('',(7.857785092495,-4.388076280121,0.));
#2356=CARTESIAN_POINT('Origin',(0.,0.,13.3));
#2357=CARTESIAN_POINT('',(8.936328201364,-1.068661909821,1.5));
#2358=CARTESIAN_POINT('',(8.936328201364,-1.068661909821,13.3));
#2359=CARTESIAN_POINT('',(8.936328201364,-1.068661909821,0.));
#2360=CARTESIAN_POINT('',(8.598405994143,-2.658460900574,1.5));
#2361=CARTESIAN_POINT('Origin',(0.,0.,1.5));
#2362=CARTESIAN_POINT('',(8.598405994143,-2.658460900574,13.3));
#2363=CARTESIAN_POINT('',(8.598405994143,-2.658460900574,0.));
#2364=CARTESIAN_POINT('Origin',(0.,0.,13.3));
#2365=CARTESIAN_POINT('',(8.963235294118,0.812658022962,1.5));
#2366=CARTESIAN_POINT('',(8.963235294118,0.812658022962,13.3));
#2367=CARTESIAN_POINT('',(8.963235294118,0.812658022962,0.));
#2368=CARTESIAN_POINT('',(8.963235294118,-0.812658022962,1.5));
#2369=CARTESIAN_POINT('Origin',(0.,0.,1.5));
#2370=CARTESIAN_POINT('',(8.963235294118,-0.812658022962,13.3));
#2371=CARTESIAN_POINT('',(8.963235294118,-0.812658022962,0.));
#2372=CARTESIAN_POINT('Origin',(0.,0.,13.3));
#2373=CARTESIAN_POINT('',(8.598405994143,2.658460900574,1.5));
#2374=CARTESIAN_POINT('',(8.598405994143,2.658460900574,13.3));
#2375=CARTESIAN_POINT('',(8.598405994143,2.658460900574,0.));
#2376=CARTESIAN_POINT('',(8.936328201364,1.068661909821,1.5));
#2377=CARTESIAN_POINT('Origin',(0.,0.,1.5));
#2378=CARTESIAN_POINT('',(8.936328201364,1.068661909821,13.3));
#2379=CARTESIAN_POINT('',(8.936328201364,1.068661909821,0.));
#2380=CARTESIAN_POINT('Origin',(0.,0.,13.3));
#2381=CARTESIAN_POINT('',(7.857785092495,4.388076280121,1.5));
#2382=CARTESIAN_POINT('',(7.857785092495,4.388076280121,13.3));
#2383=CARTESIAN_POINT('',(7.857785092495,4.388076280121,0.));
#2384=CARTESIAN_POINT('',(8.518860684951,2.903276189135,1.5));
#2385=CARTESIAN_POINT('Origin',(0.,0.,1.5));
#2386=CARTESIAN_POINT('',(8.518860684951,2.903276189135,13.3));
#2387=CARTESIAN_POINT('',(8.518860684951,2.903276189135,0.));
#2388=CARTESIAN_POINT('Origin',(0.,0.,13.3));
#2389=CARTESIAN_POINT('',(6.773741276469,5.925911669901,1.5));
#2390=CARTESIAN_POINT('',(6.773741276469,5.925911669901,13.3));
#2391=CARTESIAN_POINT('',(6.773741276469,5.925911669901,0.));
#2392=CARTESIAN_POINT('',(7.729078078576,4.611003367519,1.5));
#2393=CARTESIAN_POINT('Origin',(0.,0.,1.5));
#2394=CARTESIAN_POINT('',(7.729078078576,4.611003367519,13.3));
#2395=CARTESIAN_POINT('',(7.729078078576,4.611003367519,0.));
#2396=CARTESIAN_POINT('Origin',(0.,0.,13.3));
#2397=CARTESIAN_POINT('',(5.393652462644,7.204756284027,1.5));
#2398=CARTESIAN_POINT('',(5.393652462644,7.204756284027,13.3));
#2399=CARTESIAN_POINT('',(5.393652462644,7.204756284027,0.));
#2400=CARTESIAN_POINT('',(6.601497671937,6.117207572693,1.5));
#2401=CARTESIAN_POINT('Origin',(0.,0.,1.5));
#2402=CARTESIAN_POINT('',(6.601497671937,6.117207572693,13.3));
#2403=CARTESIAN_POINT('',(6.601497671937,6.117207572693,0.));
#2404=CARTESIAN_POINT('Origin',(0.,0.,13.3));
#2405=CARTESIAN_POINT('',(3.777835154585,8.168718476284,1.5));
#2406=CARTESIAN_POINT('',(3.777835154585,8.168718476284,13.3));
#2407=CARTESIAN_POINT('',(3.777835154585,8.168718476284,0.));
#2408=CARTESIAN_POINT('',(5.185400139533,7.356060453322,1.5));
#2409=CARTESIAN_POINT('Origin',(0.,0.,1.5));
#2410=CARTESIAN_POINT('',(5.185400139533,7.356060453322,13.3));
#2411=CARTESIAN_POINT('',(5.185400139533,7.356060453322,0.));
#2412=CARTESIAN_POINT('Origin',(0.,0.,13.3));
#2413=CARTESIAN_POINT('',(1.996908322207,8.775668473268,1.5));
#2414=CARTESIAN_POINT('',(1.996908322207,8.775668473268,13.3));
#2415=CARTESIAN_POINT('',(1.996908322207,8.775668473268,0.));
#2416=CARTESIAN_POINT('',(3.542675738721,8.273418193847,1.5));
#2417=CARTESIAN_POINT('Origin',(0.,0.,1.5));
#2418=CARTESIAN_POINT('',(3.542675738721,8.273418193847,13.3));
#2419=CARTESIAN_POINT('',(3.542675738721,8.273418193847,0.));
#2420=CARTESIAN_POINT('Origin',(0.,0.,13.3));
#2421=CARTESIAN_POINT('',(0.128707013919,8.99907964764,1.5));
#2422=CARTESIAN_POINT('',(0.128707013919,8.99907964764,13.3));
#2423=CARTESIAN_POINT('',(0.128707013919,8.99907964764,0.));
#2424=CARTESIAN_POINT('',(1.745119408482,8.829187859035,1.5));
#2425=CARTESIAN_POINT('Origin',(0.,0.,1.5));
#2426=CARTESIAN_POINT('',(1.745119408482,8.829187859035,13.3));
#2427=CARTESIAN_POINT('',(1.745119408482,8.829187859035,0.));
#2428=CARTESIAN_POINT('Origin',(0.,0.,13.3));
#2429=CARTESIAN_POINT('',(-1.745119408482,8.829187859035,1.5));
#2430=CARTESIAN_POINT('',(-1.745119408482,8.829187859035,13.3));
#2431=CARTESIAN_POINT('',(-1.745119408482,8.829187859035,0.));
#2432=CARTESIAN_POINT('',(-0.128707013919,8.99907964764,1.5));
#2433=CARTESIAN_POINT('Origin',(0.,0.,1.5));
#2434=CARTESIAN_POINT('',(-0.128707013919,8.99907964764,13.3));
#2435=CARTESIAN_POINT('',(-0.128707013919,8.99907964764,0.));
#2436=CARTESIAN_POINT('Origin',(0.,0.,13.3));
#2437=CARTESIAN_POINT('',(-3.542675738721,8.273418193847,1.5));
#2438=CARTESIAN_POINT('',(-3.542675738721,8.273418193847,13.3));
#2439=CARTESIAN_POINT('',(-3.542675738721,8.273418193847,0.));
#2440=CARTESIAN_POINT('',(-1.996908322207,8.775668473268,1.5));
#2441=CARTESIAN_POINT('Origin',(0.,0.,1.5));
#2442=CARTESIAN_POINT('',(-1.996908322207,8.775668473268,13.3));
#2443=CARTESIAN_POINT('',(-1.996908322207,8.775668473268,0.));
#2444=CARTESIAN_POINT('Origin',(0.,0.,13.3));
#2445=CARTESIAN_POINT('',(-5.185400139533,7.356060453322,1.5));
#2446=CARTESIAN_POINT('',(-5.185400139533,7.356060453322,13.3));
#2447=CARTESIAN_POINT('',(-5.185400139533,7.356060453322,0.));
#2448=CARTESIAN_POINT('',(-3.777835154585,8.168718476284,1.5));
#2449=CARTESIAN_POINT('Origin',(0.,0.,1.5));
#2450=CARTESIAN_POINT('',(-3.777835154585,8.168718476284,13.3));
#2451=CARTESIAN_POINT('',(-3.777835154585,8.168718476284,0.));
#2452=CARTESIAN_POINT('Origin',(0.,0.,13.3));
#2453=CARTESIAN_POINT('',(-6.601497671937,6.117207572693,1.5));
#2454=CARTESIAN_POINT('',(-6.601497671937,6.117207572693,13.3));
#2455=CARTESIAN_POINT('',(-6.601497671937,6.117207572693,0.));
#2456=CARTESIAN_POINT('',(-5.393652462644,7.204756284027,1.5));
#2457=CARTESIAN_POINT('Origin',(0.,0.,1.5));
#2458=CARTESIAN_POINT('',(-5.393652462644,7.204756284027,13.3));
#2459=CARTESIAN_POINT('',(-5.393652462644,7.204756284027,0.));
#2460=CARTESIAN_POINT('Origin',(0.,0.,13.3));
#2461=CARTESIAN_POINT('',(-7.729078078576,4.611003367519,1.5));
#2462=CARTESIAN_POINT('',(-7.729078078576,4.611003367519,13.3));
#2463=CARTESIAN_POINT('',(-7.729078078576,4.611003367519,0.));
#2464=CARTESIAN_POINT('',(-6.773741276469,5.925911669901,1.5));
#2465=CARTESIAN_POINT('Origin',(0.,0.,1.5));
#2466=CARTESIAN_POINT('',(-6.773741276469,5.925911669901,13.3));
#2467=CARTESIAN_POINT('',(-6.773741276469,5.925911669901,0.));
#2468=CARTESIAN_POINT('Origin',(0.,0.,13.3));
#2469=CARTESIAN_POINT('',(-8.518860684951,2.903276189135,1.5));
#2470=CARTESIAN_POINT('',(-8.518860684951,2.903276189135,13.3));
#2471=CARTESIAN_POINT('',(-8.518860684951,2.903276189135,0.));
#2472=CARTESIAN_POINT('',(-7.857785092495,4.388076280121,1.5));
#2473=CARTESIAN_POINT('Origin',(0.,0.,1.5));
#2474=CARTESIAN_POINT('',(-7.857785092495,4.388076280121,13.3));
#2475=CARTESIAN_POINT('',(-7.857785092495,4.388076280121,0.));
#2476=CARTESIAN_POINT('Origin',(0.,0.,13.3));
#2477=CARTESIAN_POINT('',(-8.936328201364,1.068661909821,1.5));
#2478=CARTESIAN_POINT('',(-8.936328201364,1.068661909821,13.3));
#2479=CARTESIAN_POINT('',(-8.936328201364,1.068661909821,0.));
#2480=CARTESIAN_POINT('',(-8.598405994143,2.658460900574,1.5));
#2481=CARTESIAN_POINT('Origin',(0.,0.,1.5));
#2482=CARTESIAN_POINT('',(-8.598405994143,2.658460900574,13.3));
#2483=CARTESIAN_POINT('',(-8.598405994143,2.658460900574,0.));
#2484=CARTESIAN_POINT('Origin',(0.,0.,13.3));
#2485=CARTESIAN_POINT('Origin',(0.,0.,13.8));
#2486=CARTESIAN_POINT('',(7.8,2.75544183813042E-28,15.));
#2487=CARTESIAN_POINT('Origin',(0.,0.,15.));
#2488=CARTESIAN_POINT('Origin',(7.8,2.75544183813042E-28,13.8));
#2489=CARTESIAN_POINT('Origin',(9.35,1.07411561832E-17,13.3));
#2490=CARTESIAN_POINT('Origin',(-9.35,1.145044757203E-15,13.3));
#2491=CARTESIAN_POINT('Origin',(-9.35,1.145044757203E-15,1.5));
#2492=CARTESIAN_POINT('Origin',(-9.35,1.145044757203E-15,1.5));
#2493=CARTESIAN_POINT('Origin',(9.35,1.07411561832E-17,1.5));
#2494=CARTESIAN_POINT('Origin',(0.,0.,0.6));
#2495=CARTESIAN_POINT('',(8.4,-2.05740662256726E-15,0.));
#2496=CARTESIAN_POINT('Origin',(0.,0.,0.));
#2497=CARTESIAN_POINT('Origin',(8.4,-2.05740662256726E-15,0.6));
#2498=CARTESIAN_POINT('Origin',(-9.145680066861,-1.943974309146,1.5));
#2499=CARTESIAN_POINT('Origin',(-9.145680066861,-1.943974309146,1.5));
#2500=CARTESIAN_POINT('Origin',(-9.145680066861,-1.943974309146,13.3));
#2501=CARTESIAN_POINT('Origin',(9.35,1.07411561832E-17,13.3));
#2502=CARTESIAN_POINT('Origin',(9.35,1.07411561832E-17,1.5));
#2503=CARTESIAN_POINT('Origin',(-8.541650028958,-3.802987612759,1.5));
#2504=CARTESIAN_POINT('Origin',(-8.541650028958,-3.802987612759,1.5));
#2505=CARTESIAN_POINT('Origin',(-8.541650028958,-3.802987612759,13.3));
#2506=CARTESIAN_POINT('Origin',(9.35,1.07411561832E-17,13.3));
#2507=CARTESIAN_POINT('Origin',(9.35,1.07411561832E-17,1.5));
#2508=CARTESIAN_POINT('Origin',(-7.564308897406,-5.495792108935,1.5));
#2509=CARTESIAN_POINT('Origin',(-7.564308897406,-5.495792108935,1.5));
#2510=CARTESIAN_POINT('Origin',(-7.564308897406,-5.495792108935,13.3));
#2511=CARTESIAN_POINT('Origin',(9.35,1.07411561832E-17,13.3));
#2512=CARTESIAN_POINT('Origin',(9.35,1.07411561832E-17,1.5));
#2513=CARTESIAN_POINT('Origin',(-6.256371169455,-6.948404118214,1.5));
#2514=CARTESIAN_POINT('Origin',(-6.256371169455,-6.948404118214,1.5));
#2515=CARTESIAN_POINT('Origin',(-6.256371169455,-6.948404118214,13.3));
#2516=CARTESIAN_POINT('Origin',(9.35,1.07411561832E-17,13.3));
#2517=CARTESIAN_POINT('Origin',(9.35,1.07411561832E-17,1.5));
#2518=CARTESIAN_POINT('Origin',(-4.675,-8.097337525384,1.5));
#2519=CARTESIAN_POINT('Origin',(-4.675,-8.097337525384,1.5));
#2520=CARTESIAN_POINT('Origin',(-4.675,-8.097337525384,13.3));
#2521=CARTESIAN_POINT('Origin',(9.35,1.07411561832E-17,13.3));
#2522=CARTESIAN_POINT('Origin',(9.35,1.07411561832E-17,1.5));
#2523=CARTESIAN_POINT('Origin',(-2.889308897406,-8.89237842736,1.5));
#2524=CARTESIAN_POINT('Origin',(-2.889308897406,-8.89237842736,1.5));
#2525=CARTESIAN_POINT('Origin',(-2.889308897406,-8.89237842736,13.3));
#2526=CARTESIAN_POINT('Origin',(9.35,1.07411561832E-17,13.3));
#2527=CARTESIAN_POINT('Origin',(9.35,1.07411561832E-17,1.5));
#2528=CARTESIAN_POINT('Origin',(-0.977341131553,-9.298779721693,1.5));
#2529=CARTESIAN_POINT('Origin',(-0.977341131553,-9.298779721693,1.5));
#2530=CARTESIAN_POINT('Origin',(-0.977341131553,-9.298779721693,13.3));
#2531=CARTESIAN_POINT('Origin',(9.35,1.07411561832E-17,13.3));
#2532=CARTESIAN_POINT('Origin',(9.35,1.07411561832E-17,1.5));
#2533=CARTESIAN_POINT('Origin',(0.977341131553,-9.298779721693,1.5));
#2534=CARTESIAN_POINT('Origin',(0.977341131553,-9.298779721693,1.5));
#2535=CARTESIAN_POINT('Origin',(0.977341131553,-9.298779721693,13.3));
#2536=CARTESIAN_POINT('Origin',(9.35,1.07411561832E-17,13.3));
#2537=CARTESIAN_POINT('Origin',(9.35,1.07411561832E-17,1.5));
#2538=CARTESIAN_POINT('Origin',(2.889308897406,-8.89237842736,1.5));
#2539=CARTESIAN_POINT('Origin',(2.889308897406,-8.89237842736,1.5));
#2540=CARTESIAN_POINT('Origin',(2.889308897406,-8.89237842736,13.3));
#2541=CARTESIAN_POINT('Origin',(9.35,1.07411561832E-17,13.3));
#2542=CARTESIAN_POINT('Origin',(9.35,1.07411561832E-17,1.5));
#2543=CARTESIAN_POINT('Origin',(4.675,-8.097337525384,1.5));
#2544=CARTESIAN_POINT('Origin',(4.675,-8.097337525384,1.5));
#2545=CARTESIAN_POINT('Origin',(4.675,-8.097337525384,13.3));
#2546=CARTESIAN_POINT('Origin',(9.35,1.07411561832E-17,13.3));
#2547=CARTESIAN_POINT('Origin',(9.35,1.07411561832E-17,1.5));
#2548=CARTESIAN_POINT('Origin',(6.256371169455,-6.948404118214,1.5));
#2549=CARTESIAN_POINT('Origin',(6.256371169455,-6.948404118214,1.5));
#2550=CARTESIAN_POINT('Origin',(6.256371169455,-6.948404118214,13.3));
#2551=CARTESIAN_POINT('Origin',(9.35,1.07411561832E-17,13.3));
#2552=CARTESIAN_POINT('Origin',(9.35,1.07411561832E-17,1.5));
#2553=CARTESIAN_POINT('Origin',(7.564308897406,-5.495792108935,1.5));
#2554=CARTESIAN_POINT('Origin',(7.564308897406,-5.495792108935,1.5));
#2555=CARTESIAN_POINT('Origin',(7.564308897406,-5.495792108935,13.3));
#2556=CARTESIAN_POINT('Origin',(9.35,1.07411561832E-17,13.3));
#2557=CARTESIAN_POINT('Origin',(9.35,1.07411561832E-17,1.5));
#2558=CARTESIAN_POINT('Origin',(8.541650028958,-3.802987612759,1.5));
#2559=CARTESIAN_POINT('Origin',(8.541650028958,-3.802987612759,1.5));
#2560=CARTESIAN_POINT('Origin',(8.541650028958,-3.802987612759,13.3));
#2561=CARTESIAN_POINT('Origin',(9.35,1.07411561832E-17,13.3));
#2562=CARTESIAN_POINT('Origin',(9.35,1.07411561832E-17,1.5));
#2563=CARTESIAN_POINT('Origin',(9.145680066861,-1.943974309146,1.5));
#2564=CARTESIAN_POINT('Origin',(9.145680066861,-1.943974309146,1.5));
#2565=CARTESIAN_POINT('Origin',(9.145680066861,-1.943974309146,13.3));
#2566=CARTESIAN_POINT('Origin',(9.35,1.07411561832E-17,13.3));
#2567=CARTESIAN_POINT('Origin',(9.35,1.07411561832E-17,1.5));
#2568=CARTESIAN_POINT('Origin',(9.35,0.,1.5));
#2569=CARTESIAN_POINT('Origin',(9.35,0.,1.5));
#2570=CARTESIAN_POINT('Origin',(9.35,0.,13.3));
#2571=CARTESIAN_POINT('Origin',(9.35,1.07411561832E-17,13.3));
#2572=CARTESIAN_POINT('Origin',(9.35,1.07411561832E-17,1.5));
#2573=CARTESIAN_POINT('Origin',(9.145680066861,1.943974309146,1.5));
#2574=CARTESIAN_POINT('Origin',(9.145680066861,1.943974309146,1.5));
#2575=CARTESIAN_POINT('Origin',(9.145680066861,1.943974309146,13.3));
#2576=CARTESIAN_POINT('Origin',(9.35,1.07411561832E-17,13.3));
#2577=CARTESIAN_POINT('Origin',(9.35,1.07411561832E-17,1.5));
#2578=CARTESIAN_POINT('Origin',(8.541650028958,3.802987612759,1.5));
#2579=CARTESIAN_POINT('Origin',(8.541650028958,3.802987612759,1.5));
#2580=CARTESIAN_POINT('Origin',(8.541650028958,3.802987612759,13.3));
#2581=CARTESIAN_POINT('Origin',(9.35,1.07411561832E-17,13.3));
#2582=CARTESIAN_POINT('Origin',(9.35,1.07411561832E-17,1.5));
#2583=CARTESIAN_POINT('Origin',(7.564308897406,5.495792108935,1.5));
#2584=CARTESIAN_POINT('Origin',(7.564308897406,5.495792108935,1.5));
#2585=CARTESIAN_POINT('Origin',(7.564308897406,5.495792108935,13.3));
#2586=CARTESIAN_POINT('Origin',(9.35,1.07411561832E-17,13.3));
#2587=CARTESIAN_POINT('Origin',(9.35,1.07411561832E-17,1.5));
#2588=CARTESIAN_POINT('Origin',(6.256371169455,6.948404118214,1.5));
#2589=CARTESIAN_POINT('Origin',(6.256371169455,6.948404118214,1.5));
#2590=CARTESIAN_POINT('Origin',(6.256371169455,6.948404118214,13.3));
#2591=CARTESIAN_POINT('Origin',(9.35,1.07411561832E-17,13.3));
#2592=CARTESIAN_POINT('Origin',(9.35,1.07411561832E-17,1.5));
#2593=CARTESIAN_POINT('Origin',(4.675,8.097337525384,1.5));
#2594=CARTESIAN_POINT('Origin',(4.675,8.097337525384,1.5));
#2595=CARTESIAN_POINT('Origin',(4.675,8.097337525384,13.3));
#2596=CARTESIAN_POINT('Origin',(9.35,1.07411561832E-17,13.3));
#2597=CARTESIAN_POINT('Origin',(9.35,1.07411561832E-17,1.5));
#2598=CARTESIAN_POINT('Origin',(2.889308897406,8.89237842736,1.5));
#2599=CARTESIAN_POINT('Origin',(2.889308897406,8.89237842736,1.5));
#2600=CARTESIAN_POINT('Origin',(2.889308897406,8.89237842736,13.3));
#2601=CARTESIAN_POINT('Origin',(9.35,1.07411561832E-17,13.3));
#2602=CARTESIAN_POINT('Origin',(9.35,1.07411561832E-17,1.5));
#2603=CARTESIAN_POINT('Origin',(0.977341131553,9.298779721693,1.5));
#2604=CARTESIAN_POINT('Origin',(0.977341131553,9.298779721693,1.5));
#2605=CARTESIAN_POINT('Origin',(0.977341131553,9.298779721693,13.3));
#2606=CARTESIAN_POINT('Origin',(9.35,1.07411561832E-17,13.3));
#2607=CARTESIAN_POINT('Origin',(9.35,1.07411561832E-17,1.5));
#2608=CARTESIAN_POINT('Origin',(-0.977341131553,9.298779721693,1.5));
#2609=CARTESIAN_POINT('Origin',(-0.977341131553,9.298779721693,1.5));
#2610=CARTESIAN_POINT('Origin',(-0.977341131553,9.298779721693,13.3));
#2611=CARTESIAN_POINT('Origin',(9.35,1.07411561832E-17,13.3));
#2612=CARTESIAN_POINT('Origin',(9.35,1.07411561832E-17,1.5));
#2613=CARTESIAN_POINT('Origin',(-2.889308897406,8.89237842736,1.5));
#2614=CARTESIAN_POINT('Origin',(-2.889308897406,8.89237842736,1.5));
#2615=CARTESIAN_POINT('Origin',(-2.889308897406,8.89237842736,13.3));
#2616=CARTESIAN_POINT('Origin',(9.35,1.07411561832E-17,13.3));
#2617=CARTESIAN_POINT('Origin',(9.35,1.07411561832E-17,1.5));
#2618=CARTESIAN_POINT('Origin',(-4.675,8.097337525385,1.5));
#2619=CARTESIAN_POINT('Origin',(-4.675,8.097337525385,1.5));
#2620=CARTESIAN_POINT('Origin',(-4.675,8.097337525385,13.3));
#2621=CARTESIAN_POINT('Origin',(9.35,1.07411561832E-17,13.3));
#2622=CARTESIAN_POINT('Origin',(9.35,1.07411561832E-17,1.5));
#2623=CARTESIAN_POINT('Origin',(-6.256371169455,6.948404118214,1.5));
#2624=CARTESIAN_POINT('Origin',(-6.256371169455,6.948404118214,1.5));
#2625=CARTESIAN_POINT('Origin',(-6.256371169455,6.948404118214,13.3));
#2626=CARTESIAN_POINT('Origin',(9.35,1.07411561832E-17,13.3));
#2627=CARTESIAN_POINT('Origin',(9.35,1.07411561832E-17,1.5));
#2628=CARTESIAN_POINT('Origin',(-7.564308897406,5.495792108935,1.5));
#2629=CARTESIAN_POINT('Origin',(-7.564308897406,5.495792108935,1.5));
#2630=CARTESIAN_POINT('Origin',(-7.564308897406,5.495792108935,13.3));
#2631=CARTESIAN_POINT('Origin',(9.35,1.07411561832E-17,13.3));
#2632=CARTESIAN_POINT('Origin',(9.35,1.07411561832E-17,1.5));
#2633=CARTESIAN_POINT('Origin',(-8.541650028958,3.802987612759,1.5));
#2634=CARTESIAN_POINT('Origin',(-8.541650028958,3.802987612759,1.5));
#2635=CARTESIAN_POINT('Origin',(-8.541650028958,3.802987612759,13.3));
#2636=CARTESIAN_POINT('Origin',(9.35,1.07411561832E-17,13.3));
#2637=CARTESIAN_POINT('Origin',(9.35,1.07411561832E-17,1.5));
#2638=CARTESIAN_POINT('Origin',(-9.145680066861,1.943974309146,1.5));
#2639=CARTESIAN_POINT('Origin',(-9.145680066861,1.943974309146,1.5));
#2640=CARTESIAN_POINT('Origin',(-9.145680066861,1.943974309146,13.3));
#2641=CARTESIAN_POINT('Origin',(9.35,1.07411561832E-17,13.3));
#2642=CARTESIAN_POINT('Origin',(9.35,1.07411561832E-17,1.5));
#2643=CARTESIAN_POINT('Origin',(0.,0.,15.));
#2644=CARTESIAN_POINT('Origin',(0.,0.,0.));
#2645=CARTESIAN_POINT('',(1.5,-2.769927796893,0.));
#2646=CARTESIAN_POINT('',(1.5,2.769927796893,0.));
#2647=CARTESIAN_POINT('Origin',(0.,0.,0.));
#2648=CARTESIAN_POINT('',(1.5,-2.597923788647,0.));
#2649=CARTESIAN_POINT('Origin',(0.,0.,0.));
#2650=CARTESIAN_POINT('',(1.5,2.769927796893,10.));
#2651=CARTESIAN_POINT('',(1.5,2.769927796893,0.));
#2652=CARTESIAN_POINT('',(1.5,-2.769927796893,10.));
#2653=CARTESIAN_POINT('Origin',(0.,0.,10.));
#2654=CARTESIAN_POINT('',(1.5,-2.769927796893,0.));
#2655=CARTESIAN_POINT('Origin',(1.5,2.769927796893,0.));
#2656=CARTESIAN_POINT('',(1.5,-2.597923788647,10.));
#2657=CARTESIAN_POINT('Origin',(0.,0.,10.));
#2658=UNCERTAINTY_MEASURE_WITH_UNIT(LENGTH_MEASURE(0.01),#2662,
'DISTANCE_ACCURACY_VALUE',
'Maximum model space distance between geometric entities at asserted c
onnectivities');
#2659=UNCERTAINTY_MEASURE_WITH_UNIT(LENGTH_MEASURE(0.01),#2662,
'DISTANCE_ACCURACY_VALUE',
'Maximum model space distance between geometric entities at asserted c
onnectivities');
#2660=(
GEOMETRIC_REPRESENTATION_CONTEXT(3)
GLOBAL_UNCERTAINTY_ASSIGNED_CONTEXT((#2658))
GLOBAL_UNIT_ASSIGNED_CONTEXT((#2662,#2664,#2665))
REPRESENTATION_CONTEXT('','3D')
);
#2661=(
GEOMETRIC_REPRESENTATION_CONTEXT(3)
GLOBAL_UNCERTAINTY_ASSIGNED_CONTEXT((#2659))
GLOBAL_UNIT_ASSIGNED_CONTEXT((#2662,#2664,#2665))
REPRESENTATION_CONTEXT('','3D')
);
#2662=(
LENGTH_UNIT()
NAMED_UNIT(*)
SI_UNIT(.MILLI.,.METRE.)
);
#2663=(
LENGTH_UNIT()
NAMED_UNIT(*)
SI_UNIT($,.METRE.)
);
#2664=(
NAMED_UNIT(*)
PLANE_ANGLE_UNIT()
SI_UNIT($,.RADIAN.)
);
#2665=(
NAMED_UNIT(*)
SI_UNIT($,.STERADIAN.)
SOLID_ANGLE_UNIT()
);
#2666=SHAPE_DEFINITION_REPRESENTATION(#2667,#2668);
#2667=PRODUCT_DEFINITION_SHAPE('',$,#2670);
#2668=SHAPE_REPRESENTATION('',(#1470),#2660);
#2669=PRODUCT_DEFINITION_CONTEXT('part definition',#2674,'design');
#2670=PRODUCT_DEFINITION('Open CASCADE STEP translator 7.9 1','rotary',
#2671,#2669);
#2671=PRODUCT_DEFINITION_FORMATION('',$,#2676);
#2672=PRODUCT_RELATED_PRODUCT_CATEGORY('rotary','rotary',(#2676));
#2673=APPLICATION_PROTOCOL_DEFINITION('international standard',
'automotive_design',2009,#2674);
#2674=APPLICATION_CONTEXT(
'Core Data for Automotive Mechanical Design Process');
#2675=PRODUCT_CONTEXT('part definition',#2674,'mechanical');
#2676=PRODUCT('Open CASCADE STEP translator 7.9 1','rotary',
'Open CASCADE Model',(#2675));
#2677=PRESENTATION_STYLE_ASSIGNMENT((#2678));
#2678=SURFACE_STYLE_USAGE(.BOTH.,#2679);
#2679=SURFACE_SIDE_STYLE('',(#2680));
#2680=SURFACE_STYLE_FILL_AREA(#2681);
#2681=FILL_AREA_STYLE('Plastic - Matte (White)',(#2682));
#2682=FILL_AREA_STYLE_COLOUR('Plastic - Matte (White)',#2683);
#2683=COLOUR_RGB('Plastic - Matte (White)',0.964705882352941,0.964705882352941,
0.952941176470588);
ENDSEC;
END-ISO-10303-21;
