ISO-10303-21;
HEADER;
/* Generated by software containing ST-Developer
 * from STEP Tools, Inc. (www.steptools.com) 
 */

FILE_DESCRIPTION(
/* description */ (''),
/* implementation_level */ '2;1');

FILE_NAME(
/* name */ 'Top_Shell.step',
/* time_stamp */ '2026-08-22T21:22:13-04:00',
/* author */ (''),
/* organization */ (''),
/* preprocessor_version */ 'ST-DEVELOPER v20.1',
/* originating_system */ 'Autodesk Translation Framework v15.8.0.0',
/* authorisation */ '');

FILE_SCHEMA (('AUTOMOTIVE_DESIGN { 1 0 10303 214 3 1 1 }'));
ENDSEC;

DATA;
#10=MECHANICAL_DESIGN_GEOMETRIC_PRESENTATION_REPRESENTATION('',(#14,#15),
#2762);
#11=SHAPE_REPRESENTATION_RELATIONSHIP('SRR','None',#2769,#12);
#12=ADVANCED_BREP_SHAPE_REPRESENTATION('',(#13),#2761);
#13=MANIFOLD_SOLID_BREP('Body1',#1535);
#14=STYLED_ITEM('',(#2778),#1497);
#15=STYLED_ITEM('',(#2778),#13);
#16=(
BOUNDED_CURVE()
B_SPLINE_CURVE(3,(#2101,#2102,#2103,#2104),.UNSPECIFIED.,.F.,.F.)
B_SPLINE_CURVE_WITH_KNOTS((4,4),(0.,1.),.UNSPECIFIED.)
CURVE()
GEOMETRIC_REPRESENTATION_ITEM()
RATIONAL_B_SPLINE_CURVE((1.,1.,1.,1.))
REPRESENTATION_ITEM('')
);
#17=(
BOUNDED_CURVE()
B_SPLINE_CURVE(3,(#2122,#2123,#2124,#2125),.UNSPECIFIED.,.F.,.F.)
B_SPLINE_CURVE_WITH_KNOTS((4,4),(0.,1.),.UNSPECIFIED.)
CURVE()
GEOMETRIC_REPRESENTATION_ITEM()
RATIONAL_B_SPLINE_CURVE((1.,1.,1.,1.))
REPRESENTATION_ITEM('')
);
#18=(
BOUNDED_CURVE()
B_SPLINE_CURVE(3,(#2142,#2143,#2144,#2145),.UNSPECIFIED.,.F.,.F.)
B_SPLINE_CURVE_WITH_KNOTS((4,4),(0.,1.),.UNSPECIFIED.)
CURVE()
GEOMETRIC_REPRESENTATION_ITEM()
RATIONAL_B_SPLINE_CURVE((1.,1.,1.,1.))
REPRESENTATION_ITEM('')
);
#19=(
BOUNDED_CURVE()
B_SPLINE_CURVE(3,(#2161,#2162,#2163,#2164),.UNSPECIFIED.,.F.,.F.)
B_SPLINE_CURVE_WITH_KNOTS((4,4),(0.,1.),.UNSPECIFIED.)
CURVE()
GEOMETRIC_REPRESENTATION_ITEM()
RATIONAL_B_SPLINE_CURVE((1.,1.,1.,1.))
REPRESENTATION_ITEM('')
);
#20=(
BOUNDED_CURVE()
B_SPLINE_CURVE(3,(#2180,#2181,#2182,#2183),.UNSPECIFIED.,.F.,.F.)
B_SPLINE_CURVE_WITH_KNOTS((4,4),(0.,1.),.UNSPECIFIED.)
CURVE()
GEOMETRIC_REPRESENTATION_ITEM()
RATIONAL_B_SPLINE_CURVE((1.,1.,1.,1.))
REPRESENTATION_ITEM('')
);
#21=(
BOUNDED_CURVE()
B_SPLINE_CURVE(3,(#2199,#2200,#2201,#2202),.UNSPECIFIED.,.F.,.F.)
B_SPLINE_CURVE_WITH_KNOTS((4,4),(0.,1.),.UNSPECIFIED.)
CURVE()
GEOMETRIC_REPRESENTATION_ITEM()
RATIONAL_B_SPLINE_CURVE((1.,1.,1.,1.))
REPRESENTATION_ITEM('')
);
#22=(
BOUNDED_CURVE()
B_SPLINE_CURVE(3,(#2218,#2219,#2220,#2221),.UNSPECIFIED.,.F.,.F.)
B_SPLINE_CURVE_WITH_KNOTS((4,4),(0.,1.),.UNSPECIFIED.)
CURVE()
GEOMETRIC_REPRESENTATION_ITEM()
RATIONAL_B_SPLINE_CURVE((1.,1.,1.,1.))
REPRESENTATION_ITEM('')
);
#23=(
BOUNDED_CURVE()
B_SPLINE_CURVE(3,(#2237,#2238,#2239,#2240),.UNSPECIFIED.,.F.,.F.)
B_SPLINE_CURVE_WITH_KNOTS((4,4),(0.,1.),.UNSPECIFIED.)
CURVE()
GEOMETRIC_REPRESENTATION_ITEM()
RATIONAL_B_SPLINE_CURVE((1.,1.,1.,1.))
REPRESENTATION_ITEM('')
);
#24=(
BOUNDED_CURVE()
B_SPLINE_CURVE(3,(#2256,#2257,#2258,#2259),.UNSPECIFIED.,.F.,.F.)
B_SPLINE_CURVE_WITH_KNOTS((4,4),(0.,1.),.UNSPECIFIED.)
CURVE()
GEOMETRIC_REPRESENTATION_ITEM()
RATIONAL_B_SPLINE_CURVE((1.,1.,1.,1.))
REPRESENTATION_ITEM('')
);
#25=(
BOUNDED_CURVE()
B_SPLINE_CURVE(3,(#2275,#2276,#2277,#2278),.UNSPECIFIED.,.F.,.F.)
B_SPLINE_CURVE_WITH_KNOTS((4,4),(0.,1.),.UNSPECIFIED.)
CURVE()
GEOMETRIC_REPRESENTATION_ITEM()
RATIONAL_B_SPLINE_CURVE((1.,1.,1.,1.))
REPRESENTATION_ITEM('')
);
#26=(
BOUNDED_CURVE()
B_SPLINE_CURVE(3,(#2294,#2295,#2296,#2297),.UNSPECIFIED.,.F.,.F.)
B_SPLINE_CURVE_WITH_KNOTS((4,4),(0.,1.),.UNSPECIFIED.)
CURVE()
GEOMETRIC_REPRESENTATION_ITEM()
RATIONAL_B_SPLINE_CURVE((1.,1.,1.,1.))
REPRESENTATION_ITEM('')
);
#27=(
BOUNDED_CURVE()
B_SPLINE_CURVE(3,(#2313,#2314,#2315,#2316),.UNSPECIFIED.,.F.,.F.)
B_SPLINE_CURVE_WITH_KNOTS((4,4),(0.,1.),.UNSPECIFIED.)
CURVE()
GEOMETRIC_REPRESENTATION_ITEM()
RATIONAL_B_SPLINE_CURVE((1.,1.,1.,1.))
REPRESENTATION_ITEM('')
);
#28=(
BOUNDED_CURVE()
B_SPLINE_CURVE(3,(#2332,#2333,#2334,#2335),.UNSPECIFIED.,.F.,.F.)
B_SPLINE_CURVE_WITH_KNOTS((4,4),(0.,1.),.UNSPECIFIED.)
CURVE()
GEOMETRIC_REPRESENTATION_ITEM()
RATIONAL_B_SPLINE_CURVE((1.,1.,1.,1.))
REPRESENTATION_ITEM('')
);
#29=(
BOUNDED_CURVE()
B_SPLINE_CURVE(3,(#2351,#2352,#2353,#2354),.UNSPECIFIED.,.F.,.F.)
B_SPLINE_CURVE_WITH_KNOTS((4,4),(0.,1.),.UNSPECIFIED.)
CURVE()
GEOMETRIC_REPRESENTATION_ITEM()
RATIONAL_B_SPLINE_CURVE((1.,1.,1.,1.))
REPRESENTATION_ITEM('')
);
#30=(
BOUNDED_CURVE()
B_SPLINE_CURVE(3,(#2370,#2371,#2372,#2373),.UNSPECIFIED.,.F.,.F.)
B_SPLINE_CURVE_WITH_KNOTS((4,4),(0.,1.),.UNSPECIFIED.)
CURVE()
GEOMETRIC_REPRESENTATION_ITEM()
RATIONAL_B_SPLINE_CURVE((1.,1.,1.,1.))
REPRESENTATION_ITEM('')
);
#31=(
BOUNDED_CURVE()
B_SPLINE_CURVE(3,(#2388,#2389,#2390,#2391),.UNSPECIFIED.,.F.,.F.)
B_SPLINE_CURVE_WITH_KNOTS((4,4),(0.,1.),.UNSPECIFIED.)
CURVE()
GEOMETRIC_REPRESENTATION_ITEM()
RATIONAL_B_SPLINE_CURVE((1.,1.,1.,1.))
REPRESENTATION_ITEM('')
);
#32=(
BOUNDED_CURVE()
B_SPLINE_CURVE(3,(#2410,#2411,#2412,#2413),.UNSPECIFIED.,.F.,.F.)
B_SPLINE_CURVE_WITH_KNOTS((4,4),(0.,1.),.UNSPECIFIED.)
CURVE()
GEOMETRIC_REPRESENTATION_ITEM()
RATIONAL_B_SPLINE_CURVE((1.,1.,1.,1.))
REPRESENTATION_ITEM('')
);
#33=(
BOUNDED_CURVE()
B_SPLINE_CURVE(3,(#2435,#2436,#2437,#2438),.UNSPECIFIED.,.F.,.F.)
B_SPLINE_CURVE_WITH_KNOTS((4,4),(0.,1.),.UNSPECIFIED.)
CURVE()
GEOMETRIC_REPRESENTATION_ITEM()
RATIONAL_B_SPLINE_CURVE((1.,1.,1.,1.))
REPRESENTATION_ITEM('')
);
#34=(
BOUNDED_CURVE()
B_SPLINE_CURVE(3,(#2460,#2461,#2462,#2463),.UNSPECIFIED.,.F.,.F.)
B_SPLINE_CURVE_WITH_KNOTS((4,4),(0.,1.),.UNSPECIFIED.)
CURVE()
GEOMETRIC_REPRESENTATION_ITEM()
RATIONAL_B_SPLINE_CURVE((1.,1.,1.,1.))
REPRESENTATION_ITEM('')
);
#35=(
BOUNDED_CURVE()
B_SPLINE_CURVE(3,(#2479,#2480,#2481,#2482),.UNSPECIFIED.,.F.,.F.)
B_SPLINE_CURVE_WITH_KNOTS((4,4),(0.,1.),.UNSPECIFIED.)
CURVE()
GEOMETRIC_REPRESENTATION_ITEM()
RATIONAL_B_SPLINE_CURVE((1.,1.,1.,1.))
REPRESENTATION_ITEM('')
);
#36=(
BOUNDED_CURVE()
B_SPLINE_CURVE(3,(#2501,#2502,#2503,#2504),.UNSPECIFIED.,.F.,.F.)
B_SPLINE_CURVE_WITH_KNOTS((4,4),(0.,1.),.UNSPECIFIED.)
CURVE()
GEOMETRIC_REPRESENTATION_ITEM()
RATIONAL_B_SPLINE_CURVE((1.,1.,1.,1.))
REPRESENTATION_ITEM('')
);
#37=(
BOUNDED_CURVE()
B_SPLINE_CURVE(3,(#2520,#2521,#2522,#2523),.UNSPECIFIED.,.F.,.F.)
B_SPLINE_CURVE_WITH_KNOTS((4,4),(0.,1.),.UNSPECIFIED.)
CURVE()
GEOMETRIC_REPRESENTATION_ITEM()
RATIONAL_B_SPLINE_CURVE((1.,1.,1.,1.))
REPRESENTATION_ITEM('')
);
#38=(
BOUNDED_CURVE()
B_SPLINE_CURVE(3,(#2539,#2540,#2541,#2542),.UNSPECIFIED.,.F.,.F.)
B_SPLINE_CURVE_WITH_KNOTS((4,4),(0.,1.),.UNSPECIFIED.)
CURVE()
GEOMETRIC_REPRESENTATION_ITEM()
RATIONAL_B_SPLINE_CURVE((1.,1.,1.,1.))
REPRESENTATION_ITEM('')
);
#39=(
BOUNDED_CURVE()
B_SPLINE_CURVE(3,(#2564,#2565,#2566,#2567),.UNSPECIFIED.,.F.,.F.)
B_SPLINE_CURVE_WITH_KNOTS((4,4),(0.,1.),.UNSPECIFIED.)
CURVE()
GEOMETRIC_REPRESENTATION_ITEM()
RATIONAL_B_SPLINE_CURVE((1.,1.,1.,1.))
REPRESENTATION_ITEM('')
);
#40=(
BOUNDED_CURVE()
B_SPLINE_CURVE(3,(#2583,#2584,#2585,#2586),.UNSPECIFIED.,.F.,.F.)
B_SPLINE_CURVE_WITH_KNOTS((4,4),(0.,1.),.UNSPECIFIED.)
CURVE()
GEOMETRIC_REPRESENTATION_ITEM()
RATIONAL_B_SPLINE_CURVE((1.,1.,1.,1.))
REPRESENTATION_ITEM('')
);
#41=(
BOUNDED_CURVE()
B_SPLINE_CURVE(3,(#2600,#2601,#2602,#2603),.UNSPECIFIED.,.F.,.F.)
B_SPLINE_CURVE_WITH_KNOTS((4,4),(0.,1.),.UNSPECIFIED.)
CURVE()
GEOMETRIC_REPRESENTATION_ITEM()
RATIONAL_B_SPLINE_CURVE((1.,1.,1.,1.))
REPRESENTATION_ITEM('')
);
#42=B_SPLINE_CURVE_WITH_KNOTS('',3,(#2095,#2096,#2097,#2098),
 .UNSPECIFIED.,.F.,.F.,(4,4),(0.,0.23128721586344),.UNSPECIFIED.);
#43=B_SPLINE_CURVE_WITH_KNOTS('',3,(#2115,#2116,#2117,#2118),
 .UNSPECIFIED.,.F.,.F.,(4,4),(0.,1.11507908612995),.UNSPECIFIED.);
#44=B_SPLINE_CURVE_WITH_KNOTS('',3,(#2136,#2137,#2138,#2139),
 .UNSPECIFIED.,.F.,.F.,(4,4),(0.,0.985940186476047),.UNSPECIFIED.);
#45=B_SPLINE_CURVE_WITH_KNOTS('',3,(#2155,#2156,#2157,#2158),
 .UNSPECIFIED.,.F.,.F.,(4,4),(0.,0.747837604712212),.UNSPECIFIED.);
#46=B_SPLINE_CURVE_WITH_KNOTS('',3,(#2174,#2175,#2176,#2177),
 .UNSPECIFIED.,.F.,.F.,(4,4),(0.,0.549573044799637),.UNSPECIFIED.);
#47=B_SPLINE_CURVE_WITH_KNOTS('',3,(#2193,#2194,#2195,#2196),
 .UNSPECIFIED.,.F.,.F.,(4,4),(0.,0.53490247689666),.UNSPECIFIED.);
#48=B_SPLINE_CURVE_WITH_KNOTS('',3,(#2212,#2213,#2214,#2215),
 .UNSPECIFIED.,.F.,.F.,(4,4),(0.,0.166786740875743),.UNSPECIFIED.);
#49=B_SPLINE_CURVE_WITH_KNOTS('',3,(#2231,#2232,#2233,#2234),
 .UNSPECIFIED.,.F.,.F.,(4,4),(0.,0.166875305862911),.UNSPECIFIED.);
#50=B_SPLINE_CURVE_WITH_KNOTS('',3,(#2250,#2251,#2252,#2253),
 .UNSPECIFIED.,.F.,.F.,(4,4),(0.,0.166850003679859),.UNSPECIFIED.);
#51=B_SPLINE_CURVE_WITH_KNOTS('',3,(#2269,#2270,#2271,#2272),
 .UNSPECIFIED.,.F.,.F.,(4,4),(0.,0.166773454434932),.UNSPECIFIED.);
#52=B_SPLINE_CURVE_WITH_KNOTS('',3,(#2288,#2289,#2290,#2291),
 .UNSPECIFIED.,.F.,.F.,(4,4),(0.,0.535582004627916),.UNSPECIFIED.);
#53=B_SPLINE_CURVE_WITH_KNOTS('',3,(#2307,#2308,#2309,#2310),
 .UNSPECIFIED.,.F.,.F.,(4,4),(0.,0.549905979381087),.UNSPECIFIED.);
#54=B_SPLINE_CURVE_WITH_KNOTS('',3,(#2326,#2327,#2328,#2329),
 .UNSPECIFIED.,.F.,.F.,(4,4),(0.,0.748056284134918),.UNSPECIFIED.);
#55=B_SPLINE_CURVE_WITH_KNOTS('',3,(#2345,#2346,#2347,#2348),
 .UNSPECIFIED.,.F.,.F.,(4,4),(0.,0.973554397147097),.UNSPECIFIED.);
#56=B_SPLINE_CURVE_WITH_KNOTS('',3,(#2364,#2365,#2366,#2367),
 .UNSPECIFIED.,.F.,.F.,(4,4),(0.,1.01640310291383),.UNSPECIFIED.);
#57=B_SPLINE_CURVE_WITH_KNOTS('',3,(#2383,#2384,#2385,#2386),
 .UNSPECIFIED.,.F.,.F.,(4,4),(0.,0.463252017515211),.UNSPECIFIED.);
#58=B_SPLINE_CURVE_WITH_KNOTS('',3,(#2405,#2406,#2407,#2408),
 .UNSPECIFIED.,.F.,.F.,(4,4),(0.,1.09318948655822),.UNSPECIFIED.);
#59=B_SPLINE_CURVE_WITH_KNOTS('',3,(#2430,#2431,#2432,#2433),
 .UNSPECIFIED.,.F.,.F.,(4,4),(0.,0.454839990161768),.UNSPECIFIED.);
#60=B_SPLINE_CURVE_WITH_KNOTS('',3,(#2455,#2456,#2457,#2458),
 .UNSPECIFIED.,.F.,.F.,(4,4),(0.,1.43927505586813),.UNSPECIFIED.);
#61=B_SPLINE_CURVE_WITH_KNOTS('',3,(#2474,#2475,#2476,#2477),
 .UNSPECIFIED.,.F.,.F.,(4,4),(0.,0.268261529312637),.UNSPECIFIED.);
#62=B_SPLINE_CURVE_WITH_KNOTS('',3,(#2493,#2494,#2495,#2496,#2497,#2498,
#2499),.UNSPECIFIED.,.F.,.F.,(4,3,4),(0.,0.559086974493978,1.11817394898796),
 .UNSPECIFIED.);
#63=B_SPLINE_CURVE_WITH_KNOTS('',3,(#2515,#2516,#2517,#2518),
 .UNSPECIFIED.,.F.,.F.,(4,4),(0.,0.181453323027207),.UNSPECIFIED.);
#64=B_SPLINE_CURVE_WITH_KNOTS('',3,(#2534,#2535,#2536,#2537),
 .UNSPECIFIED.,.F.,.F.,(4,4),(0.,0.144728946325571),.UNSPECIFIED.);
#65=B_SPLINE_CURVE_WITH_KNOTS('',3,(#2559,#2560,#2561,#2562),
 .UNSPECIFIED.,.F.,.F.,(4,4),(0.,0.24128035252147),.UNSPECIFIED.);
#66=B_SPLINE_CURVE_WITH_KNOTS('',3,(#2578,#2579,#2580,#2581),
 .UNSPECIFIED.,.F.,.F.,(4,4),(0.,0.873137148028794),.UNSPECIFIED.);
#67=B_SPLINE_CURVE_WITH_KNOTS('',3,(#2596,#2597,#2598,#2599),
 .UNSPECIFIED.,.F.,.F.,(4,4),(0.,0.645735046505305),.UNSPECIFIED.);
#68=(
BOUNDED_SURFACE()
B_SPLINE_SURFACE(3,1,((#2086,#2087),(#2088,#2089),(#2090,#2091),(#2092,
#2093)),.UNSPECIFIED.,.F.,.F.,.F.)
B_SPLINE_SURFACE_WITH_KNOTS((4,4),(2,2),(0.,1.),(0.,0.7),.UNSPECIFIED.)
GEOMETRIC_REPRESENTATION_ITEM()
RATIONAL_B_SPLINE_SURFACE(((1.,1.),(1.,1.),(1.,1.),(1.,1.)))
REPRESENTATION_ITEM('')
SURFACE()
);
#69=(
BOUNDED_SURFACE()
B_SPLINE_SURFACE(3,1,((#2105,#2106),(#2107,#2108),(#2109,#2110),(#2111,
#2112)),.UNSPECIFIED.,.F.,.F.,.F.)
B_SPLINE_SURFACE_WITH_KNOTS((4,4),(2,2),(0.,1.),(0.,0.7),.UNSPECIFIED.)
GEOMETRIC_REPRESENTATION_ITEM()
RATIONAL_B_SPLINE_SURFACE(((1.,1.),(1.,1.),(1.,1.),(1.,1.)))
REPRESENTATION_ITEM('')
SURFACE()
);
#70=(
BOUNDED_SURFACE()
B_SPLINE_SURFACE(3,1,((#2127,#2128),(#2129,#2130),(#2131,#2132),(#2133,
#2134)),.UNSPECIFIED.,.F.,.F.,.F.)
B_SPLINE_SURFACE_WITH_KNOTS((4,4),(2,2),(0.,1.),(0.,0.7),.UNSPECIFIED.)
GEOMETRIC_REPRESENTATION_ITEM()
RATIONAL_B_SPLINE_SURFACE(((1.,1.),(1.,1.),(1.,1.),(1.,1.)))
REPRESENTATION_ITEM('')
SURFACE()
);
#71=(
BOUNDED_SURFACE()
B_SPLINE_SURFACE(3,1,((#2146,#2147),(#2148,#2149),(#2150,#2151),(#2152,
#2153)),.UNSPECIFIED.,.F.,.F.,.F.)
B_SPLINE_SURFACE_WITH_KNOTS((4,4),(2,2),(0.,1.),(0.,0.7),.UNSPECIFIED.)
GEOMETRIC_REPRESENTATION_ITEM()
RATIONAL_B_SPLINE_SURFACE(((1.,1.),(1.,1.),(1.,1.),(1.,1.)))
REPRESENTATION_ITEM('')
SURFACE()
);
#72=(
BOUNDED_SURFACE()
B_SPLINE_SURFACE(3,1,((#2165,#2166),(#2167,#2168),(#2169,#2170),(#2171,
#2172)),.UNSPECIFIED.,.F.,.F.,.F.)
B_SPLINE_SURFACE_WITH_KNOTS((4,4),(2,2),(0.,1.),(0.,0.7),.UNSPECIFIED.)
GEOMETRIC_REPRESENTATION_ITEM()
RATIONAL_B_SPLINE_SURFACE(((1.,1.),(1.,1.),(1.,1.),(1.,1.)))
REPRESENTATION_ITEM('')
SURFACE()
);
#73=(
BOUNDED_SURFACE()
B_SPLINE_SURFACE(3,1,((#2184,#2185),(#2186,#2187),(#2188,#2189),(#2190,
#2191)),.UNSPECIFIED.,.F.,.F.,.F.)
B_SPLINE_SURFACE_WITH_KNOTS((4,4),(2,2),(0.,1.),(0.,0.7),.UNSPECIFIED.)
GEOMETRIC_REPRESENTATION_ITEM()
RATIONAL_B_SPLINE_SURFACE(((1.,1.),(1.,1.),(1.,1.),(1.,1.)))
REPRESENTATION_ITEM('')
SURFACE()
);
#74=(
BOUNDED_SURFACE()
B_SPLINE_SURFACE(3,1,((#2203,#2204),(#2205,#2206),(#2207,#2208),(#2209,
#2210)),.UNSPECIFIED.,.F.,.F.,.F.)
B_SPLINE_SURFACE_WITH_KNOTS((4,4),(2,2),(0.,1.),(0.,0.7),.UNSPECIFIED.)
GEOMETRIC_REPRESENTATION_ITEM()
RATIONAL_B_SPLINE_SURFACE(((1.,1.),(1.,1.),(1.,1.),(1.,1.)))
REPRESENTATION_ITEM('')
SURFACE()
);
#75=(
BOUNDED_SURFACE()
B_SPLINE_SURFACE(3,1,((#2222,#2223),(#2224,#2225),(#2226,#2227),(#2228,
#2229)),.UNSPECIFIED.,.F.,.F.,.F.)
B_SPLINE_SURFACE_WITH_KNOTS((4,4),(2,2),(0.,1.),(0.,0.7),.UNSPECIFIED.)
GEOMETRIC_REPRESENTATION_ITEM()
RATIONAL_B_SPLINE_SURFACE(((1.,1.),(1.,1.),(1.,1.),(1.,1.)))
REPRESENTATION_ITEM('')
SURFACE()
);
#76=(
BOUNDED_SURFACE()
B_SPLINE_SURFACE(3,1,((#2241,#2242),(#2243,#2244),(#2245,#2246),(#2247,
#2248)),.UNSPECIFIED.,.F.,.F.,.F.)
B_SPLINE_SURFACE_WITH_KNOTS((4,4),(2,2),(0.,1.),(0.,0.7),.UNSPECIFIED.)
GEOMETRIC_REPRESENTATION_ITEM()
RATIONAL_B_SPLINE_SURFACE(((1.,1.),(1.,1.),(1.,1.),(1.,1.)))
REPRESENTATION_ITEM('')
SURFACE()
);
#77=(
BOUNDED_SURFACE()
B_SPLINE_SURFACE(3,1,((#2260,#2261),(#2262,#2263),(#2264,#2265),(#2266,
#2267)),.UNSPECIFIED.,.F.,.F.,.F.)
B_SPLINE_SURFACE_WITH_KNOTS((4,4),(2,2),(0.,1.),(0.,0.7),.UNSPECIFIED.)
GEOMETRIC_REPRESENTATION_ITEM()
RATIONAL_B_SPLINE_SURFACE(((1.,1.),(1.,1.),(1.,1.),(1.,1.)))
REPRESENTATION_ITEM('')
SURFACE()
);
#78=(
BOUNDED_SURFACE()
B_SPLINE_SURFACE(3,1,((#2279,#2280),(#2281,#2282),(#2283,#2284),(#2285,
#2286)),.UNSPECIFIED.,.F.,.F.,.F.)
B_SPLINE_SURFACE_WITH_KNOTS((4,4),(2,2),(0.,1.),(0.,0.7),.UNSPECIFIED.)
GEOMETRIC_REPRESENTATION_ITEM()
RATIONAL_B_SPLINE_SURFACE(((1.,1.),(1.,1.),(1.,1.),(1.,1.)))
REPRESENTATION_ITEM('')
SURFACE()
);
#79=(
BOUNDED_SURFACE()
B_SPLINE_SURFACE(3,1,((#2298,#2299),(#2300,#2301),(#2302,#2303),(#2304,
#2305)),.UNSPECIFIED.,.F.,.F.,.F.)
B_SPLINE_SURFACE_WITH_KNOTS((4,4),(2,2),(0.,1.),(0.,0.7),.UNSPECIFIED.)
GEOMETRIC_REPRESENTATION_ITEM()
RATIONAL_B_SPLINE_SURFACE(((1.,1.),(1.,1.),(1.,1.),(1.,1.)))
REPRESENTATION_ITEM('')
SURFACE()
);
#80=(
BOUNDED_SURFACE()
B_SPLINE_SURFACE(3,1,((#2317,#2318),(#2319,#2320),(#2321,#2322),(#2323,
#2324)),.UNSPECIFIED.,.F.,.F.,.F.)
B_SPLINE_SURFACE_WITH_KNOTS((4,4),(2,2),(0.,1.),(0.,0.7),.UNSPECIFIED.)
GEOMETRIC_REPRESENTATION_ITEM()
RATIONAL_B_SPLINE_SURFACE(((1.,1.),(1.,1.),(1.,1.),(1.,1.)))
REPRESENTATION_ITEM('')
SURFACE()
);
#81=(
BOUNDED_SURFACE()
B_SPLINE_SURFACE(3,1,((#2336,#2337),(#2338,#2339),(#2340,#2341),(#2342,
#2343)),.UNSPECIFIED.,.F.,.F.,.F.)
B_SPLINE_SURFACE_WITH_KNOTS((4,4),(2,2),(0.,1.),(0.,0.7),.UNSPECIFIED.)
GEOMETRIC_REPRESENTATION_ITEM()
RATIONAL_B_SPLINE_SURFACE(((1.,1.),(1.,1.),(1.,1.),(1.,1.)))
REPRESENTATION_ITEM('')
SURFACE()
);
#82=(
BOUNDED_SURFACE()
B_SPLINE_SURFACE(3,1,((#2355,#2356),(#2357,#2358),(#2359,#2360),(#2361,
#2362)),.UNSPECIFIED.,.F.,.F.,.F.)
B_SPLINE_SURFACE_WITH_KNOTS((4,4),(2,2),(0.,1.),(0.,0.7),.UNSPECIFIED.)
GEOMETRIC_REPRESENTATION_ITEM()
RATIONAL_B_SPLINE_SURFACE(((1.,1.),(1.,1.),(1.,1.),(1.,1.)))
REPRESENTATION_ITEM('')
SURFACE()
);
#83=(
BOUNDED_SURFACE()
B_SPLINE_SURFACE(3,1,((#2374,#2375),(#2376,#2377),(#2378,#2379),(#2380,
#2381)),.UNSPECIFIED.,.F.,.F.,.F.)
B_SPLINE_SURFACE_WITH_KNOTS((4,4),(2,2),(0.,1.),(0.,0.7),.UNSPECIFIED.)
GEOMETRIC_REPRESENTATION_ITEM()
RATIONAL_B_SPLINE_SURFACE(((1.,1.),(1.,1.),(1.,1.),(1.,1.)))
REPRESENTATION_ITEM('')
SURFACE()
);
#84=(
BOUNDED_SURFACE()
B_SPLINE_SURFACE(3,1,((#2396,#2397),(#2398,#2399),(#2400,#2401),(#2402,
#2403)),.UNSPECIFIED.,.F.,.F.,.F.)
B_SPLINE_SURFACE_WITH_KNOTS((4,4),(2,2),(0.,1.),(0.,0.7),.UNSPECIFIED.)
GEOMETRIC_REPRESENTATION_ITEM()
RATIONAL_B_SPLINE_SURFACE(((1.,1.),(1.,1.),(1.,1.),(1.,1.)))
REPRESENTATION_ITEM('')
SURFACE()
);
#85=(
BOUNDED_SURFACE()
B_SPLINE_SURFACE(3,1,((#2421,#2422),(#2423,#2424),(#2425,#2426),(#2427,
#2428)),.UNSPECIFIED.,.F.,.F.,.F.)
B_SPLINE_SURFACE_WITH_KNOTS((4,4),(2,2),(0.,1.),(0.,0.7),.UNSPECIFIED.)
GEOMETRIC_REPRESENTATION_ITEM()
RATIONAL_B_SPLINE_SURFACE(((1.,1.),(1.,1.),(1.,1.),(1.,1.)))
REPRESENTATION_ITEM('')
SURFACE()
);
#86=(
BOUNDED_SURFACE()
B_SPLINE_SURFACE(3,1,((#2446,#2447),(#2448,#2449),(#2450,#2451),(#2452,
#2453)),.UNSPECIFIED.,.F.,.F.,.F.)
B_SPLINE_SURFACE_WITH_KNOTS((4,4),(2,2),(0.,1.),(0.,0.7),.UNSPECIFIED.)
GEOMETRIC_REPRESENTATION_ITEM()
RATIONAL_B_SPLINE_SURFACE(((1.,1.),(1.,1.),(1.,1.),(1.,1.)))
REPRESENTATION_ITEM('')
SURFACE()
);
#87=(
BOUNDED_SURFACE()
B_SPLINE_SURFACE(3,1,((#2465,#2466),(#2467,#2468),(#2469,#2470),(#2471,
#2472)),.UNSPECIFIED.,.F.,.F.,.F.)
B_SPLINE_SURFACE_WITH_KNOTS((4,4),(2,2),(0.,1.),(0.,0.7),.UNSPECIFIED.)
GEOMETRIC_REPRESENTATION_ITEM()
RATIONAL_B_SPLINE_SURFACE(((1.,1.),(1.,1.),(1.,1.),(1.,1.)))
REPRESENTATION_ITEM('')
SURFACE()
);
#88=(
BOUNDED_SURFACE()
B_SPLINE_SURFACE(3,1,((#2484,#2485),(#2486,#2487),(#2488,#2489),(#2490,
#2491)),.UNSPECIFIED.,.F.,.F.,.F.)
B_SPLINE_SURFACE_WITH_KNOTS((4,4),(2,2),(0.,1.),(0.,0.7),.UNSPECIFIED.)
GEOMETRIC_REPRESENTATION_ITEM()
RATIONAL_B_SPLINE_SURFACE(((1.,1.),(1.,1.),(1.,1.),(1.,1.)))
REPRESENTATION_ITEM('')
SURFACE()
);
#89=(
BOUNDED_SURFACE()
B_SPLINE_SURFACE(3,1,((#2506,#2507),(#2508,#2509),(#2510,#2511),(#2512,
#2513)),.UNSPECIFIED.,.F.,.F.,.F.)
B_SPLINE_SURFACE_WITH_KNOTS((4,4),(2,2),(0.,1.),(0.,0.7),.UNSPECIFIED.)
GEOMETRIC_REPRESENTATION_ITEM()
RATIONAL_B_SPLINE_SURFACE(((1.,1.),(1.,1.),(1.,1.),(1.,1.)))
REPRESENTATION_ITEM('')
SURFACE()
);
#90=(
BOUNDED_SURFACE()
B_SPLINE_SURFACE(3,1,((#2525,#2526),(#2527,#2528),(#2529,#2530),(#2531,
#2532)),.UNSPECIFIED.,.F.,.F.,.F.)
B_SPLINE_SURFACE_WITH_KNOTS((4,4),(2,2),(0.,1.),(0.,0.7),.UNSPECIFIED.)
GEOMETRIC_REPRESENTATION_ITEM()
RATIONAL_B_SPLINE_SURFACE(((1.,1.),(1.,1.),(1.,1.),(1.,1.)))
REPRESENTATION_ITEM('')
SURFACE()
);
#91=(
BOUNDED_SURFACE()
B_SPLINE_SURFACE(3,1,((#2550,#2551),(#2552,#2553),(#2554,#2555),(#2556,
#2557)),.UNSPECIFIED.,.F.,.F.,.F.)
B_SPLINE_SURFACE_WITH_KNOTS((4,4),(2,2),(0.,1.),(0.,0.7),.UNSPECIFIED.)
GEOMETRIC_REPRESENTATION_ITEM()
RATIONAL_B_SPLINE_SURFACE(((1.,1.),(1.,1.),(1.,1.),(1.,1.)))
REPRESENTATION_ITEM('')
SURFACE()
);
#92=(
BOUNDED_SURFACE()
B_SPLINE_SURFACE(3,1,((#2569,#2570),(#2571,#2572),(#2573,#2574),(#2575,
#2576)),.UNSPECIFIED.,.F.,.F.,.F.)
B_SPLINE_SURFACE_WITH_KNOTS((4,4),(2,2),(0.,1.),(0.,0.7),.UNSPECIFIED.)
GEOMETRIC_REPRESENTATION_ITEM()
RATIONAL_B_SPLINE_SURFACE(((1.,1.),(1.,1.),(1.,1.),(1.,1.)))
REPRESENTATION_ITEM('')
SURFACE()
);
#93=(
BOUNDED_SURFACE()
B_SPLINE_SURFACE(3,1,((#2588,#2589),(#2590,#2591),(#2592,#2593),(#2594,
#2595)),.UNSPECIFIED.,.F.,.F.,.F.)
B_SPLINE_SURFACE_WITH_KNOTS((4,4),(2,2),(0.,1.),(0.,0.7),.UNSPECIFIED.)
GEOMETRIC_REPRESENTATION_ITEM()
RATIONAL_B_SPLINE_SURFACE(((1.,1.),(1.,1.),(1.,1.),(1.,1.)))
REPRESENTATION_ITEM('')
SURFACE()
);
#94=FACE_BOUND('',#252,.T.);
#95=FACE_BOUND('',#255,.T.);
#96=FACE_BOUND('',#258,.T.);
#97=FACE_BOUND('',#261,.T.);
#98=FACE_BOUND('',#263,.T.);
#99=FACE_BOUND('',#264,.T.);
#100=FACE_BOUND('',#265,.T.);
#101=FACE_BOUND('',#266,.T.);
#102=FACE_BOUND('',#267,.T.);
#103=FACE_BOUND('',#268,.T.);
#104=FACE_BOUND('',#269,.T.);
#105=FACE_BOUND('',#270,.T.);
#106=FACE_BOUND('',#271,.T.);
#107=FACE_BOUND('',#272,.T.);
#108=FACE_BOUND('',#273,.T.);
#109=FACE_BOUND('',#306,.T.);
#110=FACE_BOUND('',#311,.T.);
#111=FACE_BOUND('',#313,.T.);
#112=FACE_BOUND('',#315,.T.);
#113=FACE_BOUND('',#317,.T.);
#114=FACE_BOUND('',#320,.T.);
#115=FACE_BOUND('',#321,.T.);
#116=FACE_BOUND('',#322,.T.);
#117=FACE_BOUND('',#323,.T.);
#118=FACE_BOUND('',#324,.T.);
#119=FACE_BOUND('',#325,.T.);
#120=FACE_BOUND('',#326,.T.);
#121=FACE_BOUND('',#327,.T.);
#122=PLANE('',#1552);
#123=PLANE('',#1557);
#124=PLANE('',#1562);
#125=PLANE('',#1567);
#126=PLANE('',#1569);
#127=PLANE('',#1582);
#128=PLANE('',#1583);
#129=PLANE('',#1584);
#130=PLANE('',#1585);
#131=PLANE('',#1586);
#132=PLANE('',#1587);
#133=PLANE('',#1588);
#134=PLANE('',#1589);
#135=PLANE('',#1590);
#136=PLANE('',#1591);
#137=PLANE('',#1594);
#138=PLANE('',#1597);
#139=PLANE('',#1600);
#140=PLANE('',#1603);
#141=PLANE('',#1604);
#142=PLANE('',#1613);
#143=PLANE('',#1614);
#144=PLANE('',#1615);
#145=PLANE('',#1616);
#146=PLANE('',#1617);
#147=PLANE('',#1618);
#148=PLANE('',#1619);
#149=PLANE('',#1628);
#150=PLANE('',#1630);
#151=PLANE('',#1632);
#152=PLANE('',#1634);
#153=PLANE('',#1636);
#154=PLANE('',#1638);
#155=PLANE('',#1640);
#156=PLANE('',#1642);
#157=PLANE('',#1644);
#158=PLANE('',#1645);
#159=PLANE('',#1646);
#160=PLANE('',#1647);
#161=PLANE('',#1648);
#162=PLANE('',#1649);
#163=FACE_OUTER_BOUND('',#250,.T.);
#164=FACE_OUTER_BOUND('',#251,.T.);
#165=FACE_OUTER_BOUND('',#253,.T.);
#166=FACE_OUTER_BOUND('',#254,.T.);
#167=FACE_OUTER_BOUND('',#256,.T.);
#168=FACE_OUTER_BOUND('',#257,.T.);
#169=FACE_OUTER_BOUND('',#259,.T.);
#170=FACE_OUTER_BOUND('',#260,.T.);
#171=FACE_OUTER_BOUND('',#262,.T.);
#172=FACE_OUTER_BOUND('',#274,.T.);
#173=FACE_OUTER_BOUND('',#275,.T.);
#174=FACE_OUTER_BOUND('',#276,.T.);
#175=FACE_OUTER_BOUND('',#277,.T.);
#176=FACE_OUTER_BOUND('',#278,.T.);
#177=FACE_OUTER_BOUND('',#279,.T.);
#178=FACE_OUTER_BOUND('',#280,.T.);
#179=FACE_OUTER_BOUND('',#281,.T.);
#180=FACE_OUTER_BOUND('',#282,.T.);
#181=FACE_OUTER_BOUND('',#283,.T.);
#182=FACE_OUTER_BOUND('',#284,.T.);
#183=FACE_OUTER_BOUND('',#285,.T.);
#184=FACE_OUTER_BOUND('',#286,.T.);
#185=FACE_OUTER_BOUND('',#287,.T.);
#186=FACE_OUTER_BOUND('',#288,.T.);
#187=FACE_OUTER_BOUND('',#289,.T.);
#188=FACE_OUTER_BOUND('',#290,.T.);
#189=FACE_OUTER_BOUND('',#291,.T.);
#190=FACE_OUTER_BOUND('',#292,.T.);
#191=FACE_OUTER_BOUND('',#293,.T.);
#192=FACE_OUTER_BOUND('',#294,.T.);
#193=FACE_OUTER_BOUND('',#295,.T.);
#194=FACE_OUTER_BOUND('',#296,.T.);
#195=FACE_OUTER_BOUND('',#297,.T.);
#196=FACE_OUTER_BOUND('',#298,.T.);
#197=FACE_OUTER_BOUND('',#299,.T.);
#198=FACE_OUTER_BOUND('',#300,.T.);
#199=FACE_OUTER_BOUND('',#301,.T.);
#200=FACE_OUTER_BOUND('',#302,.T.);
#201=FACE_OUTER_BOUND('',#303,.T.);
#202=FACE_OUTER_BOUND('',#304,.T.);
#203=FACE_OUTER_BOUND('',#305,.T.);
#204=FACE_OUTER_BOUND('',#307,.T.);
#205=FACE_OUTER_BOUND('',#308,.T.);
#206=FACE_OUTER_BOUND('',#309,.T.);
#207=FACE_OUTER_BOUND('',#310,.T.);
#208=FACE_OUTER_BOUND('',#312,.T.);
#209=FACE_OUTER_BOUND('',#314,.T.);
#210=FACE_OUTER_BOUND('',#316,.T.);
#211=FACE_OUTER_BOUND('',#318,.T.);
#212=FACE_OUTER_BOUND('',#319,.T.);
#213=FACE_OUTER_BOUND('',#328,.T.);
#214=FACE_OUTER_BOUND('',#329,.T.);
#215=FACE_OUTER_BOUND('',#330,.T.);
#216=FACE_OUTER_BOUND('',#331,.T.);
#217=FACE_OUTER_BOUND('',#332,.T.);
#218=FACE_OUTER_BOUND('',#333,.T.);
#219=FACE_OUTER_BOUND('',#334,.T.);
#220=FACE_OUTER_BOUND('',#335,.T.);
#221=FACE_OUTER_BOUND('',#336,.T.);
#222=FACE_OUTER_BOUND('',#337,.T.);
#223=FACE_OUTER_BOUND('',#338,.T.);
#224=FACE_OUTER_BOUND('',#339,.T.);
#225=FACE_OUTER_BOUND('',#340,.T.);
#226=FACE_OUTER_BOUND('',#341,.T.);
#227=FACE_OUTER_BOUND('',#342,.T.);
#228=FACE_OUTER_BOUND('',#343,.T.);
#229=FACE_OUTER_BOUND('',#344,.T.);
#230=FACE_OUTER_BOUND('',#345,.T.);
#231=FACE_OUTER_BOUND('',#346,.T.);
#232=FACE_OUTER_BOUND('',#347,.T.);
#233=FACE_OUTER_BOUND('',#348,.T.);
#234=FACE_OUTER_BOUND('',#349,.T.);
#235=FACE_OUTER_BOUND('',#350,.T.);
#236=FACE_OUTER_BOUND('',#351,.T.);
#237=FACE_OUTER_BOUND('',#352,.T.);
#238=FACE_OUTER_BOUND('',#353,.T.);
#239=FACE_OUTER_BOUND('',#354,.T.);
#240=FACE_OUTER_BOUND('',#355,.T.);
#241=FACE_OUTER_BOUND('',#356,.T.);
#242=FACE_OUTER_BOUND('',#357,.T.);
#243=FACE_OUTER_BOUND('',#358,.T.);
#244=FACE_OUTER_BOUND('',#359,.T.);
#245=FACE_OUTER_BOUND('',#360,.T.);
#246=FACE_OUTER_BOUND('',#361,.T.);
#247=FACE_OUTER_BOUND('',#362,.T.);
#248=FACE_OUTER_BOUND('',#363,.T.);
#249=FACE_OUTER_BOUND('',#364,.T.);
#250=EDGE_LOOP('',(#1002,#1003,#1004,#1005));
#251=EDGE_LOOP('',(#1006));
#252=EDGE_LOOP('',(#1007));
#253=EDGE_LOOP('',(#1008,#1009,#1010,#1011));
#254=EDGE_LOOP('',(#1012));
#255=EDGE_LOOP('',(#1013));
#256=EDGE_LOOP('',(#1014,#1015,#1016,#1017));
#257=EDGE_LOOP('',(#1018));
#258=EDGE_LOOP('',(#1019));
#259=EDGE_LOOP('',(#1020,#1021,#1022,#1023));
#260=EDGE_LOOP('',(#1024));
#261=EDGE_LOOP('',(#1025));
#262=EDGE_LOOP('',(#1026,#1027,#1028,#1029,#1030,#1031,#1032,#1033,#1034,
#1035,#1036,#1037));
#263=EDGE_LOOP('',(#1038,#1039,#1040,#1041));
#264=EDGE_LOOP('',(#1042));
#265=EDGE_LOOP('',(#1043));
#266=EDGE_LOOP('',(#1044));
#267=EDGE_LOOP('',(#1045));
#268=EDGE_LOOP('',(#1046,#1047,#1048,#1049));
#269=EDGE_LOOP('',(#1050));
#270=EDGE_LOOP('',(#1051));
#271=EDGE_LOOP('',(#1052));
#272=EDGE_LOOP('',(#1053));
#273=EDGE_LOOP('',(#1054,#1055,#1056,#1057));
#274=EDGE_LOOP('',(#1058,#1059,#1060,#1061));
#275=EDGE_LOOP('',(#1062,#1063,#1064,#1065));
#276=EDGE_LOOP('',(#1066,#1067,#1068,#1069));
#277=EDGE_LOOP('',(#1070,#1071,#1072,#1073));
#278=EDGE_LOOP('',(#1074,#1075,#1076,#1077));
#279=EDGE_LOOP('',(#1078,#1079,#1080,#1081));
#280=EDGE_LOOP('',(#1082,#1083,#1084,#1085));
#281=EDGE_LOOP('',(#1086,#1087,#1088,#1089));
#282=EDGE_LOOP('',(#1090,#1091,#1092,#1093));
#283=EDGE_LOOP('',(#1094,#1095,#1096,#1097));
#284=EDGE_LOOP('',(#1098,#1099,#1100,#1101));
#285=EDGE_LOOP('',(#1102,#1103,#1104,#1105));
#286=EDGE_LOOP('',(#1106,#1107,#1108,#1109));
#287=EDGE_LOOP('',(#1110,#1111,#1112,#1113));
#288=EDGE_LOOP('',(#1114,#1115,#1116,#1117));
#289=EDGE_LOOP('',(#1118,#1119,#1120,#1121));
#290=EDGE_LOOP('',(#1122,#1123,#1124,#1125));
#291=EDGE_LOOP('',(#1126,#1127,#1128,#1129));
#292=EDGE_LOOP('',(#1130,#1131,#1132,#1133));
#293=EDGE_LOOP('',(#1134,#1135,#1136,#1137));
#294=EDGE_LOOP('',(#1138,#1139,#1140,#1141));
#295=EDGE_LOOP('',(#1142,#1143,#1144,#1145));
#296=EDGE_LOOP('',(#1146,#1147,#1148,#1149));
#297=EDGE_LOOP('',(#1150,#1151,#1152,#1153));
#298=EDGE_LOOP('',(#1154,#1155,#1156,#1157));
#299=EDGE_LOOP('',(#1158,#1159,#1160,#1161));
#300=EDGE_LOOP('',(#1162,#1163,#1164,#1165));
#301=EDGE_LOOP('',(#1166,#1167,#1168,#1169));
#302=EDGE_LOOP('',(#1170,#1171,#1172,#1173));
#303=EDGE_LOOP('',(#1174,#1175,#1176,#1177));
#304=EDGE_LOOP('',(#1178,#1179,#1180,#1181));
#305=EDGE_LOOP('',(#1182,#1183,#1184,#1185,#1186,#1187,#1188,#1189,#1190,
#1191,#1192,#1193,#1194,#1195,#1196,#1197,#1198,#1199,#1200,#1201,#1202,
#1203,#1204,#1205,#1206,#1207,#1208));
#306=EDGE_LOOP('',(#1209,#1210,#1211,#1212));
#307=EDGE_LOOP('',(#1213,#1214,#1215,#1216));
#308=EDGE_LOOP('',(#1217,#1218,#1219,#1220));
#309=EDGE_LOOP('',(#1221,#1222,#1223,#1224));
#310=EDGE_LOOP('',(#1225));
#311=EDGE_LOOP('',(#1226));
#312=EDGE_LOOP('',(#1227));
#313=EDGE_LOOP('',(#1228));
#314=EDGE_LOOP('',(#1229));
#315=EDGE_LOOP('',(#1230));
#316=EDGE_LOOP('',(#1231));
#317=EDGE_LOOP('',(#1232));
#318=EDGE_LOOP('',(#1233,#1234,#1235,#1236));
#319=EDGE_LOOP('',(#1237,#1238,#1239,#1240,#1241,#1242,#1243,#1244,#1245,
#1246,#1247,#1248));
#320=EDGE_LOOP('',(#1249,#1250,#1251,#1252));
#321=EDGE_LOOP('',(#1253,#1254,#1255,#1256));
#322=EDGE_LOOP('',(#1257));
#323=EDGE_LOOP('',(#1258));
#324=EDGE_LOOP('',(#1259));
#325=EDGE_LOOP('',(#1260));
#326=EDGE_LOOP('',(#1261,#1262,#1263,#1264));
#327=EDGE_LOOP('',(#1265,#1266,#1267,#1268,#1269,#1270,#1271,#1272,#1273,
#1274,#1275,#1276,#1277,#1278,#1279,#1280,#1281,#1282,#1283,#1284,#1285,
#1286,#1287,#1288,#1289,#1290,#1291));
#328=EDGE_LOOP('',(#1292,#1293,#1294,#1295));
#329=EDGE_LOOP('',(#1296,#1297,#1298,#1299));
#330=EDGE_LOOP('',(#1300,#1301,#1302,#1303));
#331=EDGE_LOOP('',(#1304,#1305,#1306,#1307));
#332=EDGE_LOOP('',(#1308,#1309,#1310,#1311));
#333=EDGE_LOOP('',(#1312,#1313,#1314,#1315));
#334=EDGE_LOOP('',(#1316,#1317,#1318,#1319));
#335=EDGE_LOOP('',(#1320,#1321,#1322,#1323));
#336=EDGE_LOOP('',(#1324,#1325,#1326,#1327));
#337=EDGE_LOOP('',(#1328,#1329,#1330,#1331));
#338=EDGE_LOOP('',(#1332,#1333,#1334,#1335));
#339=EDGE_LOOP('',(#1336,#1337,#1338,#1339));
#340=EDGE_LOOP('',(#1340,#1341,#1342,#1343));
#341=EDGE_LOOP('',(#1344,#1345,#1346,#1347));
#342=EDGE_LOOP('',(#1348,#1349,#1350,#1351));
#343=EDGE_LOOP('',(#1352,#1353,#1354,#1355));
#344=EDGE_LOOP('',(#1356,#1357,#1358,#1359));
#345=EDGE_LOOP('',(#1360,#1361,#1362,#1363));
#346=EDGE_LOOP('',(#1364,#1365,#1366,#1367));
#347=EDGE_LOOP('',(#1368,#1369,#1370,#1371));
#348=EDGE_LOOP('',(#1372,#1373,#1374,#1375));
#349=EDGE_LOOP('',(#1376,#1377,#1378,#1379));
#350=EDGE_LOOP('',(#1380,#1381,#1382,#1383));
#351=EDGE_LOOP('',(#1384,#1385,#1386,#1387));
#352=EDGE_LOOP('',(#1388,#1389,#1390,#1391));
#353=EDGE_LOOP('',(#1392));
#354=EDGE_LOOP('',(#1393,#1394,#1395,#1396));
#355=EDGE_LOOP('',(#1397));
#356=EDGE_LOOP('',(#1398,#1399,#1400,#1401));
#357=EDGE_LOOP('',(#1402));
#358=EDGE_LOOP('',(#1403,#1404,#1405,#1406));
#359=EDGE_LOOP('',(#1407));
#360=EDGE_LOOP('',(#1408,#1409,#1410,#1411));
#361=EDGE_LOOP('',(#1412,#1413,#1414,#1415));
#362=EDGE_LOOP('',(#1416,#1417,#1418,#1419));
#363=EDGE_LOOP('',(#1420,#1421,#1422,#1423));
#364=EDGE_LOOP('',(#1424,#1425,#1426,#1427));
#365=LINE('',#1980,#486);
#366=LINE('',#1989,#487);
#367=LINE('',#1998,#488);
#368=LINE('',#2007,#489);
#369=LINE('',#2015,#490);
#370=LINE('',#2017,#491);
#371=LINE('',#2021,#492);
#372=LINE('',#2025,#493);
#373=LINE('',#2029,#494);
#374=LINE('',#2033,#495);
#375=LINE('',#2035,#496);
#376=LINE('',#2036,#497);
#377=LINE('',#2039,#498);
#378=LINE('',#2041,#499);
#379=LINE('',#2043,#500);
#380=LINE('',#2044,#501);
#381=LINE('',#2055,#502);
#382=LINE('',#2057,#503);
#383=LINE('',#2059,#504);
#384=LINE('',#2060,#505);
#385=LINE('',#2071,#506);
#386=LINE('',#2073,#507);
#387=LINE('',#2075,#508);
#388=LINE('',#2076,#509);
#389=LINE('',#2080,#510);
#390=LINE('',#2082,#511);
#391=LINE('',#2084,#512);
#392=LINE('',#2085,#513);
#393=LINE('',#2100,#514);
#394=LINE('',#2120,#515);
#395=LINE('',#2126,#516);
#396=LINE('',#2141,#517);
#397=LINE('',#2160,#518);
#398=LINE('',#2179,#519);
#399=LINE('',#2198,#520);
#400=LINE('',#2217,#521);
#401=LINE('',#2236,#522);
#402=LINE('',#2255,#523);
#403=LINE('',#2274,#524);
#404=LINE('',#2293,#525);
#405=LINE('',#2312,#526);
#406=LINE('',#2331,#527);
#407=LINE('',#2350,#528);
#408=LINE('',#2369,#529);
#409=LINE('',#2392,#530);
#410=LINE('',#2394,#531);
#411=LINE('',#2395,#532);
#412=LINE('',#2414,#533);
#413=LINE('',#2417,#534);
#414=LINE('',#2419,#535);
#415=LINE('',#2420,#536);
#416=LINE('',#2439,#537);
#417=LINE('',#2442,#538);
#418=LINE('',#2444,#539);
#419=LINE('',#2445,#540);
#420=LINE('',#2464,#541);
#421=LINE('',#2483,#542);
#422=LINE('',#2505,#543);
#423=LINE('',#2524,#544);
#424=LINE('',#2543,#545);
#425=LINE('',#2546,#546);
#426=LINE('',#2548,#547);
#427=LINE('',#2549,#548);
#428=LINE('',#2568,#549);
#429=LINE('',#2587,#550);
#430=LINE('',#2609,#551);
#431=LINE('',#2610,#552);
#432=LINE('',#2611,#553);
#433=LINE('',#2614,#554);
#434=LINE('',#2615,#555);
#435=LINE('',#2638,#556);
#436=LINE('',#2640,#557);
#437=LINE('',#2641,#558);
#438=LINE('',#2645,#559);
#439=LINE('',#2647,#560);
#440=LINE('',#2649,#561);
#441=LINE('',#2651,#562);
#442=LINE('',#2655,#563);
#443=LINE('',#2659,#564);
#444=LINE('',#2663,#565);
#445=LINE('',#2666,#566);
#446=LINE('',#2668,#567);
#447=LINE('',#2670,#568);
#448=LINE('',#2671,#569);
#449=LINE('',#2674,#570);
#450=LINE('',#2676,#571);
#451=LINE('',#2678,#572);
#452=LINE('',#2679,#573);
#453=LINE('',#2689,#574);
#454=LINE('',#2690,#575);
#455=LINE('',#2692,#576);
#456=LINE('',#2694,#577);
#457=LINE('',#2697,#578);
#458=LINE('',#2698,#579);
#459=LINE('',#2700,#580);
#460=LINE('',#2703,#581);
#461=LINE('',#2705,#582);
#462=LINE('',#2707,#583);
#463=LINE('',#2709,#584);
#464=LINE('',#2711,#585);
#465=LINE('',#2713,#586);
#466=LINE('',#2715,#587);
#467=LINE('',#2717,#588);
#468=LINE('',#2719,#589);
#469=LINE('',#2721,#590);
#470=LINE('',#2723,#591);
#471=LINE('',#2725,#592);
#472=LINE('',#2727,#593);
#473=LINE('',#2729,#594);
#474=LINE('',#2731,#595);
#475=LINE('',#2733,#596);
#476=LINE('',#2735,#597);
#477=LINE('',#2737,#598);
#478=LINE('',#2739,#599);
#479=LINE('',#2742,#600);
#480=LINE('',#2745,#601);
#481=LINE('',#2748,#602);
#482=LINE('',#2751,#603);
#483=LINE('',#2752,#604);
#484=LINE('',#2754,#605);
#485=LINE('',#2756,#606);
#486=VECTOR('',#1656,1.7);
#487=VECTOR('',#1667,1.7);
#488=VECTOR('',#1678,1.7);
#489=VECTOR('',#1689,1.7);
#490=VECTOR('',#1698,10.);
#491=VECTOR('',#1699,10.);
#492=VECTOR('',#1702,10.);
#493=VECTOR('',#1705,10.);
#494=VECTOR('',#1708,10.);
#495=VECTOR('',#1711,10.);
#496=VECTOR('',#1712,10.);
#497=VECTOR('',#1713,10.);
#498=VECTOR('',#1714,10.);
#499=VECTOR('',#1715,10.);
#500=VECTOR('',#1716,10.);
#501=VECTOR('',#1717,10.);
#502=VECTOR('',#1726,10.);
#503=VECTOR('',#1727,10.);
#504=VECTOR('',#1728,10.);
#505=VECTOR('',#1729,10.);
#506=VECTOR('',#1738,10.);
#507=VECTOR('',#1739,10.);
#508=VECTOR('',#1740,10.);
#509=VECTOR('',#1741,10.);
#510=VECTOR('',#1744,10.);
#511=VECTOR('',#1745,10.);
#512=VECTOR('',#1746,10.);
#513=VECTOR('',#1747,10.);
#514=VECTOR('',#1748,10.);
#515=VECTOR('',#1749,10.);
#516=VECTOR('',#1750,10.);
#517=VECTOR('',#1751,10.);
#518=VECTOR('',#1752,10.);
#519=VECTOR('',#1753,10.);
#520=VECTOR('',#1754,10.);
#521=VECTOR('',#1755,10.);
#522=VECTOR('',#1756,10.);
#523=VECTOR('',#1757,10.);
#524=VECTOR('',#1758,10.);
#525=VECTOR('',#1759,10.);
#526=VECTOR('',#1760,10.);
#527=VECTOR('',#1761,10.);
#528=VECTOR('',#1762,10.);
#529=VECTOR('',#1763,10.);
#530=VECTOR('',#1764,10.);
#531=VECTOR('',#1767,10.);
#532=VECTOR('',#1768,10.);
#533=VECTOR('',#1769,10.);
#534=VECTOR('',#1772,10.);
#535=VECTOR('',#1773,10.);
#536=VECTOR('',#1774,10.);
#537=VECTOR('',#1775,10.);
#538=VECTOR('',#1778,10.);
#539=VECTOR('',#1779,10.);
#540=VECTOR('',#1780,10.);
#541=VECTOR('',#1781,10.);
#542=VECTOR('',#1782,10.);
#543=VECTOR('',#1783,10.);
#544=VECTOR('',#1784,10.);
#545=VECTOR('',#1785,10.);
#546=VECTOR('',#1788,10.);
#547=VECTOR('',#1789,10.);
#548=VECTOR('',#1790,10.);
#549=VECTOR('',#1791,10.);
#550=VECTOR('',#1792,10.);
#551=VECTOR('',#1799,10.);
#552=VECTOR('',#1800,10.);
#553=VECTOR('',#1801,10.);
#554=VECTOR('',#1804,10.);
#555=VECTOR('',#1805,10.);
#556=VECTOR('',#1832,10.);
#557=VECTOR('',#1833,10.);
#558=VECTOR('',#1834,10.);
#559=VECTOR('',#1837,10.);
#560=VECTOR('',#1838,10.);
#561=VECTOR('',#1839,10.);
#562=VECTOR('',#1840,10.);
#563=VECTOR('',#1843,10.);
#564=VECTOR('',#1846,10.);
#565=VECTOR('',#1849,10.);
#566=VECTOR('',#1852,10.);
#567=VECTOR('',#1853,10.);
#568=VECTOR('',#1854,10.);
#569=VECTOR('',#1855,10.);
#570=VECTOR('',#1856,10.);
#571=VECTOR('',#1857,10.);
#572=VECTOR('',#1858,10.);
#573=VECTOR('',#1859,10.);
#574=VECTOR('',#1868,10.);
#575=VECTOR('',#1869,10.);
#576=VECTOR('',#1872,10.);
#577=VECTOR('',#1875,10.);
#578=VECTOR('',#1880,10.);
#579=VECTOR('',#1881,10.);
#580=VECTOR('',#1884,10.);
#581=VECTOR('',#1889,10.);
#582=VECTOR('',#1892,3.00000000000001);
#583=VECTOR('',#1895,2.99999999999999);
#584=VECTOR('',#1898,3.);
#585=VECTOR('',#1901,3.);
#586=VECTOR('',#1904,1.7);
#587=VECTOR('',#1907,1.7);
#588=VECTOR('',#1910,1.7);
#589=VECTOR('',#1913,1.7);
#590=VECTOR('',#1916,10.);
#591=VECTOR('',#1919,10.);
#592=VECTOR('',#1922,10.);
#593=VECTOR('',#1925,10.);
#594=VECTOR('',#1928,10.);
#595=VECTOR('',#1931,10.);
#596=VECTOR('',#1934,10.);
#597=VECTOR('',#1937,10.);
#598=VECTOR('',#1940,10.);
#599=VECTOR('',#1943,2.34999999999999);
#600=VECTOR('',#1948,2.35);
#601=VECTOR('',#1953,2.34999999999999);
#602=VECTOR('',#1958,2.35);
#603=VECTOR('',#1963,10.);
#604=VECTOR('',#1964,10.);
#605=VECTOR('',#1967,10.);
#606=VECTOR('',#1970,10.);
#607=CIRCLE('',#1550,1.7);
#608=CIRCLE('',#1551,1.7);
#609=CIRCLE('',#1553,2.34999999999999);
#610=CIRCLE('',#1555,1.7);
#611=CIRCLE('',#1556,1.7);
#612=CIRCLE('',#1558,2.35);
#613=CIRCLE('',#1560,1.7);
#614=CIRCLE('',#1561,1.7);
#615=CIRCLE('',#1563,2.34999999999999);
#616=CIRCLE('',#1565,1.7);
#617=CIRCLE('',#1566,1.7);
#618=CIRCLE('',#1568,2.35);
#619=CIRCLE('',#1570,5.);
#620=CIRCLE('',#1571,5.);
#621=CIRCLE('',#1572,5.);
#622=CIRCLE('',#1573,5.);
#623=CIRCLE('',#1574,1.7);
#624=CIRCLE('',#1575,1.7);
#625=CIRCLE('',#1576,1.7);
#626=CIRCLE('',#1577,1.7);
#627=CIRCLE('',#1578,2.35);
#628=CIRCLE('',#1579,2.34999999999999);
#629=CIRCLE('',#1580,2.35);
#630=CIRCLE('',#1581,2.34999999999999);
#631=CIRCLE('',#1592,3.);
#632=CIRCLE('',#1593,1.7);
#633=CIRCLE('',#1595,2.99999999999999);
#634=CIRCLE('',#1596,1.7);
#635=CIRCLE('',#1598,3.);
#636=CIRCLE('',#1599,1.7);
#637=CIRCLE('',#1601,3.00000000000001);
#638=CIRCLE('',#1602,1.7);
#639=CIRCLE('',#1605,5.);
#640=CIRCLE('',#1606,5.);
#641=CIRCLE('',#1607,5.);
#642=CIRCLE('',#1608,5.);
#643=CIRCLE('',#1609,3.);
#644=CIRCLE('',#1610,3.);
#645=CIRCLE('',#1611,2.99999999999999);
#646=CIRCLE('',#1612,3.00000000000001);
#647=VERTEX_POINT('',#1977);
#648=VERTEX_POINT('',#1979);
#649=VERTEX_POINT('',#1983);
#650=VERTEX_POINT('',#1986);
#651=VERTEX_POINT('',#1988);
#652=VERTEX_POINT('',#1992);
#653=VERTEX_POINT('',#1995);
#654=VERTEX_POINT('',#1997);
#655=VERTEX_POINT('',#2001);
#656=VERTEX_POINT('',#2004);
#657=VERTEX_POINT('',#2006);
#658=VERTEX_POINT('',#2010);
#659=VERTEX_POINT('',#2013);
#660=VERTEX_POINT('',#2014);
#661=VERTEX_POINT('',#2016);
#662=VERTEX_POINT('',#2018);
#663=VERTEX_POINT('',#2020);
#664=VERTEX_POINT('',#2022);
#665=VERTEX_POINT('',#2024);
#666=VERTEX_POINT('',#2026);
#667=VERTEX_POINT('',#2028);
#668=VERTEX_POINT('',#2030);
#669=VERTEX_POINT('',#2032);
#670=VERTEX_POINT('',#2034);
#671=VERTEX_POINT('',#2037);
#672=VERTEX_POINT('',#2038);
#673=VERTEX_POINT('',#2040);
#674=VERTEX_POINT('',#2042);
#675=VERTEX_POINT('',#2045);
#676=VERTEX_POINT('',#2047);
#677=VERTEX_POINT('',#2049);
#678=VERTEX_POINT('',#2051);
#679=VERTEX_POINT('',#2053);
#680=VERTEX_POINT('',#2054);
#681=VERTEX_POINT('',#2056);
#682=VERTEX_POINT('',#2058);
#683=VERTEX_POINT('',#2061);
#684=VERTEX_POINT('',#2063);
#685=VERTEX_POINT('',#2065);
#686=VERTEX_POINT('',#2067);
#687=VERTEX_POINT('',#2069);
#688=VERTEX_POINT('',#2070);
#689=VERTEX_POINT('',#2072);
#690=VERTEX_POINT('',#2074);
#691=VERTEX_POINT('',#2078);
#692=VERTEX_POINT('',#2079);
#693=VERTEX_POINT('',#2081);
#694=VERTEX_POINT('',#2083);
#695=VERTEX_POINT('',#2094);
#696=VERTEX_POINT('',#2099);
#697=VERTEX_POINT('',#2113);
#698=VERTEX_POINT('',#2114);
#699=VERTEX_POINT('',#2119);
#700=VERTEX_POINT('',#2121);
#701=VERTEX_POINT('',#2135);
#702=VERTEX_POINT('',#2140);
#703=VERTEX_POINT('',#2154);
#704=VERTEX_POINT('',#2159);
#705=VERTEX_POINT('',#2173);
#706=VERTEX_POINT('',#2178);
#707=VERTEX_POINT('',#2192);
#708=VERTEX_POINT('',#2197);
#709=VERTEX_POINT('',#2211);
#710=VERTEX_POINT('',#2216);
#711=VERTEX_POINT('',#2230);
#712=VERTEX_POINT('',#2235);
#713=VERTEX_POINT('',#2249);
#714=VERTEX_POINT('',#2254);
#715=VERTEX_POINT('',#2268);
#716=VERTEX_POINT('',#2273);
#717=VERTEX_POINT('',#2287);
#718=VERTEX_POINT('',#2292);
#719=VERTEX_POINT('',#2306);
#720=VERTEX_POINT('',#2311);
#721=VERTEX_POINT('',#2325);
#722=VERTEX_POINT('',#2330);
#723=VERTEX_POINT('',#2344);
#724=VERTEX_POINT('',#2349);
#725=VERTEX_POINT('',#2363);
#726=VERTEX_POINT('',#2368);
#727=VERTEX_POINT('',#2382);
#728=VERTEX_POINT('',#2387);
#729=VERTEX_POINT('',#2404);
#730=VERTEX_POINT('',#2409);
#731=VERTEX_POINT('',#2416);
#732=VERTEX_POINT('',#2418);
#733=VERTEX_POINT('',#2429);
#734=VERTEX_POINT('',#2434);
#735=VERTEX_POINT('',#2441);
#736=VERTEX_POINT('',#2443);
#737=VERTEX_POINT('',#2454);
#738=VERTEX_POINT('',#2459);
#739=VERTEX_POINT('',#2473);
#740=VERTEX_POINT('',#2478);
#741=VERTEX_POINT('',#2492);
#742=VERTEX_POINT('',#2500);
#743=VERTEX_POINT('',#2514);
#744=VERTEX_POINT('',#2519);
#745=VERTEX_POINT('',#2533);
#746=VERTEX_POINT('',#2538);
#747=VERTEX_POINT('',#2545);
#748=VERTEX_POINT('',#2547);
#749=VERTEX_POINT('',#2558);
#750=VERTEX_POINT('',#2563);
#751=VERTEX_POINT('',#2577);
#752=VERTEX_POINT('',#2582);
#753=VERTEX_POINT('',#2607);
#754=VERTEX_POINT('',#2608);
#755=VERTEX_POINT('',#2613);
#756=VERTEX_POINT('',#2617);
#757=VERTEX_POINT('',#2619);
#758=VERTEX_POINT('',#2622);
#759=VERTEX_POINT('',#2624);
#760=VERTEX_POINT('',#2627);
#761=VERTEX_POINT('',#2629);
#762=VERTEX_POINT('',#2632);
#763=VERTEX_POINT('',#2634);
#764=VERTEX_POINT('',#2637);
#765=VERTEX_POINT('',#2639);
#766=VERTEX_POINT('',#2643);
#767=VERTEX_POINT('',#2644);
#768=VERTEX_POINT('',#2646);
#769=VERTEX_POINT('',#2648);
#770=VERTEX_POINT('',#2650);
#771=VERTEX_POINT('',#2652);
#772=VERTEX_POINT('',#2654);
#773=VERTEX_POINT('',#2656);
#774=VERTEX_POINT('',#2658);
#775=VERTEX_POINT('',#2660);
#776=VERTEX_POINT('',#2662);
#777=VERTEX_POINT('',#2664);
#778=VERTEX_POINT('',#2667);
#779=VERTEX_POINT('',#2669);
#780=VERTEX_POINT('',#2672);
#781=VERTEX_POINT('',#2673);
#782=VERTEX_POINT('',#2675);
#783=VERTEX_POINT('',#2677);
#784=VERTEX_POINT('',#2680);
#785=VERTEX_POINT('',#2682);
#786=VERTEX_POINT('',#2684);
#787=VERTEX_POINT('',#2686);
#788=VERTEX_POINT('',#2688);
#789=EDGE_CURVE('',#647,#647,#607,.T.);
#790=EDGE_CURVE('',#647,#648,#365,.T.);
#791=EDGE_CURVE('',#648,#648,#608,.T.);
#792=EDGE_CURVE('',#649,#649,#609,.T.);
#793=EDGE_CURVE('',#650,#650,#610,.T.);
#794=EDGE_CURVE('',#650,#651,#366,.T.);
#795=EDGE_CURVE('',#651,#651,#611,.T.);
#796=EDGE_CURVE('',#652,#652,#612,.T.);
#797=EDGE_CURVE('',#653,#653,#613,.T.);
#798=EDGE_CURVE('',#653,#654,#367,.T.);
#799=EDGE_CURVE('',#654,#654,#614,.T.);
#800=EDGE_CURVE('',#655,#655,#615,.T.);
#801=EDGE_CURVE('',#656,#656,#616,.T.);
#802=EDGE_CURVE('',#656,#657,#368,.T.);
#803=EDGE_CURVE('',#657,#657,#617,.T.);
#804=EDGE_CURVE('',#658,#658,#618,.T.);
#805=EDGE_CURVE('',#659,#660,#369,.T.);
#806=EDGE_CURVE('',#660,#661,#370,.T.);
#807=EDGE_CURVE('',#661,#662,#619,.T.);
#808=EDGE_CURVE('',#662,#663,#371,.T.);
#809=EDGE_CURVE('',#663,#664,#620,.T.);
#810=EDGE_CURVE('',#664,#665,#372,.T.);
#811=EDGE_CURVE('',#665,#666,#621,.T.);
#812=EDGE_CURVE('',#666,#667,#373,.T.);
#813=EDGE_CURVE('',#667,#668,#622,.T.);
#814=EDGE_CURVE('',#668,#669,#374,.T.);
#815=EDGE_CURVE('',#669,#670,#375,.T.);
#816=EDGE_CURVE('',#670,#659,#376,.T.);
#817=EDGE_CURVE('',#671,#672,#377,.F.);
#818=EDGE_CURVE('',#672,#673,#378,.F.);
#819=EDGE_CURVE('',#673,#674,#379,.F.);
#820=EDGE_CURVE('',#674,#671,#380,.F.);
#821=EDGE_CURVE('',#675,#675,#623,.T.);
#822=EDGE_CURVE('',#676,#676,#624,.T.);
#823=EDGE_CURVE('',#677,#677,#625,.T.);
#824=EDGE_CURVE('',#678,#678,#626,.T.);
#825=EDGE_CURVE('',#679,#680,#381,.T.);
#826=EDGE_CURVE('',#680,#681,#382,.T.);
#827=EDGE_CURVE('',#681,#682,#383,.T.);
#828=EDGE_CURVE('',#682,#679,#384,.T.);
#829=EDGE_CURVE('',#683,#683,#627,.T.);
#830=EDGE_CURVE('',#684,#684,#628,.T.);
#831=EDGE_CURVE('',#685,#685,#629,.T.);
#832=EDGE_CURVE('',#686,#686,#630,.T.);
#833=EDGE_CURVE('',#687,#688,#385,.T.);
#834=EDGE_CURVE('',#688,#689,#386,.T.);
#835=EDGE_CURVE('',#689,#690,#387,.T.);
#836=EDGE_CURVE('',#690,#687,#388,.T.);
#837=EDGE_CURVE('',#691,#692,#389,.T.);
#838=EDGE_CURVE('',#691,#693,#390,.T.);
#839=EDGE_CURVE('',#694,#693,#391,.T.);
#840=EDGE_CURVE('',#692,#694,#392,.T.);
#841=EDGE_CURVE('',#695,#691,#42,.T.);
#842=EDGE_CURVE('',#695,#696,#393,.T.);
#843=EDGE_CURVE('',#693,#696,#16,.T.);
#844=EDGE_CURVE('',#697,#698,#43,.T.);
#845=EDGE_CURVE('',#697,#699,#394,.T.);
#846=EDGE_CURVE('',#700,#699,#17,.T.);
#847=EDGE_CURVE('',#698,#700,#395,.T.);
#848=EDGE_CURVE('',#701,#697,#44,.T.);
#849=EDGE_CURVE('',#701,#702,#396,.T.);
#850=EDGE_CURVE('',#699,#702,#18,.T.);
#851=EDGE_CURVE('',#703,#701,#45,.T.);
#852=EDGE_CURVE('',#703,#704,#397,.T.);
#853=EDGE_CURVE('',#702,#704,#19,.T.);
#854=EDGE_CURVE('',#705,#703,#46,.T.);
#855=EDGE_CURVE('',#705,#706,#398,.T.);
#856=EDGE_CURVE('',#704,#706,#20,.T.);
#857=EDGE_CURVE('',#707,#705,#47,.T.);
#858=EDGE_CURVE('',#707,#708,#399,.T.);
#859=EDGE_CURVE('',#706,#708,#21,.T.);
#860=EDGE_CURVE('',#709,#707,#48,.T.);
#861=EDGE_CURVE('',#709,#710,#400,.T.);
#862=EDGE_CURVE('',#708,#710,#22,.T.);
#863=EDGE_CURVE('',#711,#709,#49,.T.);
#864=EDGE_CURVE('',#711,#712,#401,.T.);
#865=EDGE_CURVE('',#710,#712,#23,.T.);
#866=EDGE_CURVE('',#713,#711,#50,.T.);
#867=EDGE_CURVE('',#713,#714,#402,.T.);
#868=EDGE_CURVE('',#712,#714,#24,.T.);
#869=EDGE_CURVE('',#715,#713,#51,.T.);
#870=EDGE_CURVE('',#715,#716,#403,.T.);
#871=EDGE_CURVE('',#714,#716,#25,.T.);
#872=EDGE_CURVE('',#717,#715,#52,.T.);
#873=EDGE_CURVE('',#717,#718,#404,.T.);
#874=EDGE_CURVE('',#716,#718,#26,.T.);
#875=EDGE_CURVE('',#719,#717,#53,.T.);
#876=EDGE_CURVE('',#719,#720,#405,.T.);
#877=EDGE_CURVE('',#718,#720,#27,.T.);
#878=EDGE_CURVE('',#721,#719,#54,.T.);
#879=EDGE_CURVE('',#721,#722,#406,.T.);
#880=EDGE_CURVE('',#720,#722,#28,.T.);
#881=EDGE_CURVE('',#723,#721,#55,.T.);
#882=EDGE_CURVE('',#723,#724,#407,.T.);
#883=EDGE_CURVE('',#722,#724,#29,.T.);
#884=EDGE_CURVE('',#725,#723,#56,.T.);
#885=EDGE_CURVE('',#725,#726,#408,.T.);
#886=EDGE_CURVE('',#724,#726,#30,.T.);
#887=EDGE_CURVE('',#692,#727,#57,.T.);
#888=EDGE_CURVE('',#728,#694,#31,.T.);
#889=EDGE_CURVE('',#727,#728,#409,.T.);
#890=EDGE_CURVE('',#727,#695,#410,.T.);
#891=EDGE_CURVE('',#696,#728,#411,.T.);
#892=EDGE_CURVE('',#698,#729,#58,.T.);
#893=EDGE_CURVE('',#730,#700,#32,.T.);
#894=EDGE_CURVE('',#729,#730,#412,.T.);
#895=EDGE_CURVE('',#729,#731,#413,.T.);
#896=EDGE_CURVE('',#732,#730,#414,.T.);
#897=EDGE_CURVE('',#731,#732,#415,.T.);
#898=EDGE_CURVE('',#731,#733,#59,.T.);
#899=EDGE_CURVE('',#734,#732,#33,.T.);
#900=EDGE_CURVE('',#733,#734,#416,.T.);
#901=EDGE_CURVE('',#733,#735,#417,.T.);
#902=EDGE_CURVE('',#736,#734,#418,.T.);
#903=EDGE_CURVE('',#735,#736,#419,.T.);
#904=EDGE_CURVE('',#735,#737,#60,.T.);
#905=EDGE_CURVE('',#738,#736,#34,.T.);
#906=EDGE_CURVE('',#737,#738,#420,.T.);
#907=EDGE_CURVE('',#737,#739,#61,.T.);
#908=EDGE_CURVE('',#740,#738,#35,.T.);
#909=EDGE_CURVE('',#739,#740,#421,.T.);
#910=EDGE_CURVE('',#739,#741,#62,.T.);
#911=EDGE_CURVE('',#742,#740,#36,.T.);
#912=EDGE_CURVE('',#741,#742,#422,.T.);
#913=EDGE_CURVE('',#741,#743,#63,.T.);
#914=EDGE_CURVE('',#744,#742,#37,.T.);
#915=EDGE_CURVE('',#743,#744,#423,.T.);
#916=EDGE_CURVE('',#743,#745,#64,.T.);
#917=EDGE_CURVE('',#746,#744,#38,.T.);
#918=EDGE_CURVE('',#745,#746,#424,.T.);
#919=EDGE_CURVE('',#745,#747,#425,.T.);
#920=EDGE_CURVE('',#748,#746,#426,.T.);
#921=EDGE_CURVE('',#747,#748,#427,.T.);
#922=EDGE_CURVE('',#747,#749,#65,.T.);
#923=EDGE_CURVE('',#750,#748,#39,.T.);
#924=EDGE_CURVE('',#749,#750,#428,.T.);
#925=EDGE_CURVE('',#749,#751,#66,.T.);
#926=EDGE_CURVE('',#752,#750,#40,.T.);
#927=EDGE_CURVE('',#751,#752,#429,.T.);
#928=EDGE_CURVE('',#751,#725,#67,.T.);
#929=EDGE_CURVE('',#726,#752,#41,.T.);
#930=EDGE_CURVE('',#753,#754,#430,.F.);
#931=EDGE_CURVE('',#754,#674,#431,.T.);
#932=EDGE_CURVE('',#673,#753,#432,.F.);
#933=EDGE_CURVE('',#754,#755,#433,.F.);
#934=EDGE_CURVE('',#671,#755,#434,.T.);
#935=EDGE_CURVE('',#756,#756,#631,.T.);
#936=EDGE_CURVE('',#757,#757,#632,.T.);
#937=EDGE_CURVE('',#758,#758,#633,.T.);
#938=EDGE_CURVE('',#759,#759,#634,.T.);
#939=EDGE_CURVE('',#760,#760,#635,.T.);
#940=EDGE_CURVE('',#761,#761,#636,.T.);
#941=EDGE_CURVE('',#762,#762,#637,.T.);
#942=EDGE_CURVE('',#763,#763,#638,.T.);
#943=EDGE_CURVE('',#764,#690,#435,.T.);
#944=EDGE_CURVE('',#765,#764,#436,.T.);
#945=EDGE_CURVE('',#687,#765,#437,.T.);
#946=EDGE_CURVE('',#766,#767,#438,.T.);
#947=EDGE_CURVE('',#767,#768,#439,.T.);
#948=EDGE_CURVE('',#768,#769,#440,.T.);
#949=EDGE_CURVE('',#769,#770,#441,.T.);
#950=EDGE_CURVE('',#770,#771,#639,.T.);
#951=EDGE_CURVE('',#771,#772,#442,.T.);
#952=EDGE_CURVE('',#772,#773,#640,.T.);
#953=EDGE_CURVE('',#773,#774,#443,.T.);
#954=EDGE_CURVE('',#774,#775,#641,.T.);
#955=EDGE_CURVE('',#775,#776,#444,.T.);
#956=EDGE_CURVE('',#776,#777,#642,.T.);
#957=EDGE_CURVE('',#777,#766,#445,.T.);
#958=EDGE_CURVE('',#778,#765,#446,.T.);
#959=EDGE_CURVE('',#764,#779,#447,.T.);
#960=EDGE_CURVE('',#779,#778,#448,.T.);
#961=EDGE_CURVE('',#780,#781,#449,.T.);
#962=EDGE_CURVE('',#781,#782,#450,.T.);
#963=EDGE_CURVE('',#782,#783,#451,.T.);
#964=EDGE_CURVE('',#783,#780,#452,.T.);
#965=EDGE_CURVE('',#784,#784,#643,.T.);
#966=EDGE_CURVE('',#785,#785,#644,.T.);
#967=EDGE_CURVE('',#786,#786,#645,.T.);
#968=EDGE_CURVE('',#787,#787,#646,.T.);
#969=EDGE_CURVE('',#755,#788,#453,.F.);
#970=EDGE_CURVE('',#788,#753,#454,.F.);
#971=EDGE_CURVE('',#779,#689,#455,.T.);
#972=EDGE_CURVE('',#778,#688,#456,.T.);
#973=EDGE_CURVE('',#768,#670,#457,.T.);
#974=EDGE_CURVE('',#659,#767,#458,.T.);
#975=EDGE_CURVE('',#788,#672,#459,.T.);
#976=EDGE_CURVE('',#660,#766,#460,.T.);
#977=EDGE_CURVE('',#787,#762,#461,.T.);
#978=EDGE_CURVE('',#786,#758,#462,.T.);
#979=EDGE_CURVE('',#785,#756,#463,.T.);
#980=EDGE_CURVE('',#784,#760,#464,.T.);
#981=EDGE_CURVE('',#763,#678,#465,.T.);
#982=EDGE_CURVE('',#757,#677,#466,.T.);
#983=EDGE_CURVE('',#759,#676,#467,.T.);
#984=EDGE_CURVE('',#761,#675,#468,.T.);
#985=EDGE_CURVE('',#661,#777,#469,.T.);
#986=EDGE_CURVE('',#662,#776,#470,.T.);
#987=EDGE_CURVE('',#663,#775,#471,.T.);
#988=EDGE_CURVE('',#664,#774,#472,.T.);
#989=EDGE_CURVE('',#665,#773,#473,.T.);
#990=EDGE_CURVE('',#666,#772,#474,.T.);
#991=EDGE_CURVE('',#667,#771,#475,.T.);
#992=EDGE_CURVE('',#668,#770,#476,.T.);
#993=EDGE_CURVE('',#669,#769,#477,.T.);
#994=EDGE_CURVE('',#686,#655,#478,.T.);
#995=EDGE_CURVE('',#685,#658,#479,.T.);
#996=EDGE_CURVE('',#684,#649,#480,.T.);
#997=EDGE_CURVE('',#683,#652,#481,.T.);
#998=EDGE_CURVE('',#780,#680,#482,.T.);
#999=EDGE_CURVE('',#681,#783,#483,.T.);
#1000=EDGE_CURVE('',#682,#782,#484,.T.);
#1001=EDGE_CURVE('',#679,#781,#485,.T.);
#1002=ORIENTED_EDGE('',*,*,#789,.F.);
#1003=ORIENTED_EDGE('',*,*,#790,.T.);
#1004=ORIENTED_EDGE('',*,*,#791,.F.);
#1005=ORIENTED_EDGE('',*,*,#790,.F.);
#1006=ORIENTED_EDGE('',*,*,#792,.F.);
#1007=ORIENTED_EDGE('',*,*,#789,.T.);
#1008=ORIENTED_EDGE('',*,*,#793,.F.);
#1009=ORIENTED_EDGE('',*,*,#794,.T.);
#1010=ORIENTED_EDGE('',*,*,#795,.F.);
#1011=ORIENTED_EDGE('',*,*,#794,.F.);
#1012=ORIENTED_EDGE('',*,*,#796,.F.);
#1013=ORIENTED_EDGE('',*,*,#793,.T.);
#1014=ORIENTED_EDGE('',*,*,#797,.F.);
#1015=ORIENTED_EDGE('',*,*,#798,.T.);
#1016=ORIENTED_EDGE('',*,*,#799,.F.);
#1017=ORIENTED_EDGE('',*,*,#798,.F.);
#1018=ORIENTED_EDGE('',*,*,#800,.F.);
#1019=ORIENTED_EDGE('',*,*,#797,.T.);
#1020=ORIENTED_EDGE('',*,*,#801,.F.);
#1021=ORIENTED_EDGE('',*,*,#802,.T.);
#1022=ORIENTED_EDGE('',*,*,#803,.F.);
#1023=ORIENTED_EDGE('',*,*,#802,.F.);
#1024=ORIENTED_EDGE('',*,*,#804,.F.);
#1025=ORIENTED_EDGE('',*,*,#801,.T.);
#1026=ORIENTED_EDGE('',*,*,#805,.T.);
#1027=ORIENTED_EDGE('',*,*,#806,.T.);
#1028=ORIENTED_EDGE('',*,*,#807,.T.);
#1029=ORIENTED_EDGE('',*,*,#808,.T.);
#1030=ORIENTED_EDGE('',*,*,#809,.T.);
#1031=ORIENTED_EDGE('',*,*,#810,.T.);
#1032=ORIENTED_EDGE('',*,*,#811,.T.);
#1033=ORIENTED_EDGE('',*,*,#812,.T.);
#1034=ORIENTED_EDGE('',*,*,#813,.T.);
#1035=ORIENTED_EDGE('',*,*,#814,.T.);
#1036=ORIENTED_EDGE('',*,*,#815,.T.);
#1037=ORIENTED_EDGE('',*,*,#816,.T.);
#1038=ORIENTED_EDGE('',*,*,#817,.T.);
#1039=ORIENTED_EDGE('',*,*,#818,.T.);
#1040=ORIENTED_EDGE('',*,*,#819,.T.);
#1041=ORIENTED_EDGE('',*,*,#820,.T.);
#1042=ORIENTED_EDGE('',*,*,#821,.T.);
#1043=ORIENTED_EDGE('',*,*,#822,.T.);
#1044=ORIENTED_EDGE('',*,*,#823,.T.);
#1045=ORIENTED_EDGE('',*,*,#824,.T.);
#1046=ORIENTED_EDGE('',*,*,#825,.T.);
#1047=ORIENTED_EDGE('',*,*,#826,.T.);
#1048=ORIENTED_EDGE('',*,*,#827,.T.);
#1049=ORIENTED_EDGE('',*,*,#828,.T.);
#1050=ORIENTED_EDGE('',*,*,#829,.T.);
#1051=ORIENTED_EDGE('',*,*,#830,.T.);
#1052=ORIENTED_EDGE('',*,*,#831,.T.);
#1053=ORIENTED_EDGE('',*,*,#832,.T.);
#1054=ORIENTED_EDGE('',*,*,#833,.T.);
#1055=ORIENTED_EDGE('',*,*,#834,.T.);
#1056=ORIENTED_EDGE('',*,*,#835,.T.);
#1057=ORIENTED_EDGE('',*,*,#836,.T.);
#1058=ORIENTED_EDGE('',*,*,#837,.F.);
#1059=ORIENTED_EDGE('',*,*,#838,.T.);
#1060=ORIENTED_EDGE('',*,*,#839,.F.);
#1061=ORIENTED_EDGE('',*,*,#840,.F.);
#1062=ORIENTED_EDGE('',*,*,#841,.F.);
#1063=ORIENTED_EDGE('',*,*,#842,.T.);
#1064=ORIENTED_EDGE('',*,*,#843,.F.);
#1065=ORIENTED_EDGE('',*,*,#838,.F.);
#1066=ORIENTED_EDGE('',*,*,#844,.F.);
#1067=ORIENTED_EDGE('',*,*,#845,.T.);
#1068=ORIENTED_EDGE('',*,*,#846,.F.);
#1069=ORIENTED_EDGE('',*,*,#847,.F.);
#1070=ORIENTED_EDGE('',*,*,#848,.F.);
#1071=ORIENTED_EDGE('',*,*,#849,.T.);
#1072=ORIENTED_EDGE('',*,*,#850,.F.);
#1073=ORIENTED_EDGE('',*,*,#845,.F.);
#1074=ORIENTED_EDGE('',*,*,#851,.F.);
#1075=ORIENTED_EDGE('',*,*,#852,.T.);
#1076=ORIENTED_EDGE('',*,*,#853,.F.);
#1077=ORIENTED_EDGE('',*,*,#849,.F.);
#1078=ORIENTED_EDGE('',*,*,#854,.F.);
#1079=ORIENTED_EDGE('',*,*,#855,.T.);
#1080=ORIENTED_EDGE('',*,*,#856,.F.);
#1081=ORIENTED_EDGE('',*,*,#852,.F.);
#1082=ORIENTED_EDGE('',*,*,#857,.F.);
#1083=ORIENTED_EDGE('',*,*,#858,.T.);
#1084=ORIENTED_EDGE('',*,*,#859,.F.);
#1085=ORIENTED_EDGE('',*,*,#855,.F.);
#1086=ORIENTED_EDGE('',*,*,#860,.F.);
#1087=ORIENTED_EDGE('',*,*,#861,.T.);
#1088=ORIENTED_EDGE('',*,*,#862,.F.);
#1089=ORIENTED_EDGE('',*,*,#858,.F.);
#1090=ORIENTED_EDGE('',*,*,#863,.F.);
#1091=ORIENTED_EDGE('',*,*,#864,.T.);
#1092=ORIENTED_EDGE('',*,*,#865,.F.);
#1093=ORIENTED_EDGE('',*,*,#861,.F.);
#1094=ORIENTED_EDGE('',*,*,#866,.F.);
#1095=ORIENTED_EDGE('',*,*,#867,.T.);
#1096=ORIENTED_EDGE('',*,*,#868,.F.);
#1097=ORIENTED_EDGE('',*,*,#864,.F.);
#1098=ORIENTED_EDGE('',*,*,#869,.F.);
#1099=ORIENTED_EDGE('',*,*,#870,.T.);
#1100=ORIENTED_EDGE('',*,*,#871,.F.);
#1101=ORIENTED_EDGE('',*,*,#867,.F.);
#1102=ORIENTED_EDGE('',*,*,#872,.F.);
#1103=ORIENTED_EDGE('',*,*,#873,.T.);
#1104=ORIENTED_EDGE('',*,*,#874,.F.);
#1105=ORIENTED_EDGE('',*,*,#870,.F.);
#1106=ORIENTED_EDGE('',*,*,#875,.F.);
#1107=ORIENTED_EDGE('',*,*,#876,.T.);
#1108=ORIENTED_EDGE('',*,*,#877,.F.);
#1109=ORIENTED_EDGE('',*,*,#873,.F.);
#1110=ORIENTED_EDGE('',*,*,#878,.F.);
#1111=ORIENTED_EDGE('',*,*,#879,.T.);
#1112=ORIENTED_EDGE('',*,*,#880,.F.);
#1113=ORIENTED_EDGE('',*,*,#876,.F.);
#1114=ORIENTED_EDGE('',*,*,#881,.F.);
#1115=ORIENTED_EDGE('',*,*,#882,.T.);
#1116=ORIENTED_EDGE('',*,*,#883,.F.);
#1117=ORIENTED_EDGE('',*,*,#879,.F.);
#1118=ORIENTED_EDGE('',*,*,#884,.F.);
#1119=ORIENTED_EDGE('',*,*,#885,.T.);
#1120=ORIENTED_EDGE('',*,*,#886,.F.);
#1121=ORIENTED_EDGE('',*,*,#882,.F.);
#1122=ORIENTED_EDGE('',*,*,#887,.F.);
#1123=ORIENTED_EDGE('',*,*,#840,.T.);
#1124=ORIENTED_EDGE('',*,*,#888,.F.);
#1125=ORIENTED_EDGE('',*,*,#889,.F.);
#1126=ORIENTED_EDGE('',*,*,#890,.F.);
#1127=ORIENTED_EDGE('',*,*,#889,.T.);
#1128=ORIENTED_EDGE('',*,*,#891,.F.);
#1129=ORIENTED_EDGE('',*,*,#842,.F.);
#1130=ORIENTED_EDGE('',*,*,#892,.F.);
#1131=ORIENTED_EDGE('',*,*,#847,.T.);
#1132=ORIENTED_EDGE('',*,*,#893,.F.);
#1133=ORIENTED_EDGE('',*,*,#894,.F.);
#1134=ORIENTED_EDGE('',*,*,#895,.F.);
#1135=ORIENTED_EDGE('',*,*,#894,.T.);
#1136=ORIENTED_EDGE('',*,*,#896,.F.);
#1137=ORIENTED_EDGE('',*,*,#897,.F.);
#1138=ORIENTED_EDGE('',*,*,#898,.F.);
#1139=ORIENTED_EDGE('',*,*,#897,.T.);
#1140=ORIENTED_EDGE('',*,*,#899,.F.);
#1141=ORIENTED_EDGE('',*,*,#900,.F.);
#1142=ORIENTED_EDGE('',*,*,#901,.F.);
#1143=ORIENTED_EDGE('',*,*,#900,.T.);
#1144=ORIENTED_EDGE('',*,*,#902,.F.);
#1145=ORIENTED_EDGE('',*,*,#903,.F.);
#1146=ORIENTED_EDGE('',*,*,#904,.F.);
#1147=ORIENTED_EDGE('',*,*,#903,.T.);
#1148=ORIENTED_EDGE('',*,*,#905,.F.);
#1149=ORIENTED_EDGE('',*,*,#906,.F.);
#1150=ORIENTED_EDGE('',*,*,#907,.F.);
#1151=ORIENTED_EDGE('',*,*,#906,.T.);
#1152=ORIENTED_EDGE('',*,*,#908,.F.);
#1153=ORIENTED_EDGE('',*,*,#909,.F.);
#1154=ORIENTED_EDGE('',*,*,#910,.F.);
#1155=ORIENTED_EDGE('',*,*,#909,.T.);
#1156=ORIENTED_EDGE('',*,*,#911,.F.);
#1157=ORIENTED_EDGE('',*,*,#912,.F.);
#1158=ORIENTED_EDGE('',*,*,#913,.F.);
#1159=ORIENTED_EDGE('',*,*,#912,.T.);
#1160=ORIENTED_EDGE('',*,*,#914,.F.);
#1161=ORIENTED_EDGE('',*,*,#915,.F.);
#1162=ORIENTED_EDGE('',*,*,#916,.F.);
#1163=ORIENTED_EDGE('',*,*,#915,.T.);
#1164=ORIENTED_EDGE('',*,*,#917,.F.);
#1165=ORIENTED_EDGE('',*,*,#918,.F.);
#1166=ORIENTED_EDGE('',*,*,#919,.F.);
#1167=ORIENTED_EDGE('',*,*,#918,.T.);
#1168=ORIENTED_EDGE('',*,*,#920,.F.);
#1169=ORIENTED_EDGE('',*,*,#921,.F.);
#1170=ORIENTED_EDGE('',*,*,#922,.F.);
#1171=ORIENTED_EDGE('',*,*,#921,.T.);
#1172=ORIENTED_EDGE('',*,*,#923,.F.);
#1173=ORIENTED_EDGE('',*,*,#924,.F.);
#1174=ORIENTED_EDGE('',*,*,#925,.F.);
#1175=ORIENTED_EDGE('',*,*,#924,.T.);
#1176=ORIENTED_EDGE('',*,*,#926,.F.);
#1177=ORIENTED_EDGE('',*,*,#927,.F.);
#1178=ORIENTED_EDGE('',*,*,#928,.F.);
#1179=ORIENTED_EDGE('',*,*,#927,.T.);
#1180=ORIENTED_EDGE('',*,*,#929,.F.);
#1181=ORIENTED_EDGE('',*,*,#885,.F.);
#1182=ORIENTED_EDGE('',*,*,#929,.T.);
#1183=ORIENTED_EDGE('',*,*,#926,.T.);
#1184=ORIENTED_EDGE('',*,*,#923,.T.);
#1185=ORIENTED_EDGE('',*,*,#920,.T.);
#1186=ORIENTED_EDGE('',*,*,#917,.T.);
#1187=ORIENTED_EDGE('',*,*,#914,.T.);
#1188=ORIENTED_EDGE('',*,*,#911,.T.);
#1189=ORIENTED_EDGE('',*,*,#908,.T.);
#1190=ORIENTED_EDGE('',*,*,#905,.T.);
#1191=ORIENTED_EDGE('',*,*,#902,.T.);
#1192=ORIENTED_EDGE('',*,*,#899,.T.);
#1193=ORIENTED_EDGE('',*,*,#896,.T.);
#1194=ORIENTED_EDGE('',*,*,#893,.T.);
#1195=ORIENTED_EDGE('',*,*,#846,.T.);
#1196=ORIENTED_EDGE('',*,*,#850,.T.);
#1197=ORIENTED_EDGE('',*,*,#853,.T.);
#1198=ORIENTED_EDGE('',*,*,#856,.T.);
#1199=ORIENTED_EDGE('',*,*,#859,.T.);
#1200=ORIENTED_EDGE('',*,*,#862,.T.);
#1201=ORIENTED_EDGE('',*,*,#865,.T.);
#1202=ORIENTED_EDGE('',*,*,#868,.T.);
#1203=ORIENTED_EDGE('',*,*,#871,.T.);
#1204=ORIENTED_EDGE('',*,*,#874,.T.);
#1205=ORIENTED_EDGE('',*,*,#877,.T.);
#1206=ORIENTED_EDGE('',*,*,#880,.T.);
#1207=ORIENTED_EDGE('',*,*,#883,.T.);
#1208=ORIENTED_EDGE('',*,*,#886,.T.);
#1209=ORIENTED_EDGE('',*,*,#891,.T.);
#1210=ORIENTED_EDGE('',*,*,#888,.T.);
#1211=ORIENTED_EDGE('',*,*,#839,.T.);
#1212=ORIENTED_EDGE('',*,*,#843,.T.);
#1213=ORIENTED_EDGE('',*,*,#841,.T.);
#1214=ORIENTED_EDGE('',*,*,#837,.T.);
#1215=ORIENTED_EDGE('',*,*,#887,.T.);
#1216=ORIENTED_EDGE('',*,*,#890,.T.);
#1217=ORIENTED_EDGE('',*,*,#930,.T.);
#1218=ORIENTED_EDGE('',*,*,#931,.T.);
#1219=ORIENTED_EDGE('',*,*,#819,.F.);
#1220=ORIENTED_EDGE('',*,*,#932,.T.);
#1221=ORIENTED_EDGE('',*,*,#933,.T.);
#1222=ORIENTED_EDGE('',*,*,#934,.F.);
#1223=ORIENTED_EDGE('',*,*,#820,.F.);
#1224=ORIENTED_EDGE('',*,*,#931,.F.);
#1225=ORIENTED_EDGE('',*,*,#935,.F.);
#1226=ORIENTED_EDGE('',*,*,#936,.T.);
#1227=ORIENTED_EDGE('',*,*,#937,.F.);
#1228=ORIENTED_EDGE('',*,*,#938,.T.);
#1229=ORIENTED_EDGE('',*,*,#939,.F.);
#1230=ORIENTED_EDGE('',*,*,#940,.T.);
#1231=ORIENTED_EDGE('',*,*,#941,.F.);
#1232=ORIENTED_EDGE('',*,*,#942,.T.);
#1233=ORIENTED_EDGE('',*,*,#943,.F.);
#1234=ORIENTED_EDGE('',*,*,#944,.F.);
#1235=ORIENTED_EDGE('',*,*,#945,.F.);
#1236=ORIENTED_EDGE('',*,*,#836,.F.);
#1237=ORIENTED_EDGE('',*,*,#946,.T.);
#1238=ORIENTED_EDGE('',*,*,#947,.T.);
#1239=ORIENTED_EDGE('',*,*,#948,.T.);
#1240=ORIENTED_EDGE('',*,*,#949,.T.);
#1241=ORIENTED_EDGE('',*,*,#950,.T.);
#1242=ORIENTED_EDGE('',*,*,#951,.T.);
#1243=ORIENTED_EDGE('',*,*,#952,.T.);
#1244=ORIENTED_EDGE('',*,*,#953,.T.);
#1245=ORIENTED_EDGE('',*,*,#954,.T.);
#1246=ORIENTED_EDGE('',*,*,#955,.T.);
#1247=ORIENTED_EDGE('',*,*,#956,.T.);
#1248=ORIENTED_EDGE('',*,*,#957,.T.);
#1249=ORIENTED_EDGE('',*,*,#958,.T.);
#1250=ORIENTED_EDGE('',*,*,#944,.T.);
#1251=ORIENTED_EDGE('',*,*,#959,.T.);
#1252=ORIENTED_EDGE('',*,*,#960,.T.);
#1253=ORIENTED_EDGE('',*,*,#961,.T.);
#1254=ORIENTED_EDGE('',*,*,#962,.T.);
#1255=ORIENTED_EDGE('',*,*,#963,.T.);
#1256=ORIENTED_EDGE('',*,*,#964,.T.);
#1257=ORIENTED_EDGE('',*,*,#965,.T.);
#1258=ORIENTED_EDGE('',*,*,#966,.T.);
#1259=ORIENTED_EDGE('',*,*,#967,.T.);
#1260=ORIENTED_EDGE('',*,*,#968,.T.);
#1261=ORIENTED_EDGE('',*,*,#969,.F.);
#1262=ORIENTED_EDGE('',*,*,#933,.F.);
#1263=ORIENTED_EDGE('',*,*,#930,.F.);
#1264=ORIENTED_EDGE('',*,*,#970,.F.);
#1265=ORIENTED_EDGE('',*,*,#884,.T.);
#1266=ORIENTED_EDGE('',*,*,#881,.T.);
#1267=ORIENTED_EDGE('',*,*,#878,.T.);
#1268=ORIENTED_EDGE('',*,*,#875,.T.);
#1269=ORIENTED_EDGE('',*,*,#872,.T.);
#1270=ORIENTED_EDGE('',*,*,#869,.T.);
#1271=ORIENTED_EDGE('',*,*,#866,.T.);
#1272=ORIENTED_EDGE('',*,*,#863,.T.);
#1273=ORIENTED_EDGE('',*,*,#860,.T.);
#1274=ORIENTED_EDGE('',*,*,#857,.T.);
#1275=ORIENTED_EDGE('',*,*,#854,.T.);
#1276=ORIENTED_EDGE('',*,*,#851,.T.);
#1277=ORIENTED_EDGE('',*,*,#848,.T.);
#1278=ORIENTED_EDGE('',*,*,#844,.T.);
#1279=ORIENTED_EDGE('',*,*,#892,.T.);
#1280=ORIENTED_EDGE('',*,*,#895,.T.);
#1281=ORIENTED_EDGE('',*,*,#898,.T.);
#1282=ORIENTED_EDGE('',*,*,#901,.T.);
#1283=ORIENTED_EDGE('',*,*,#904,.T.);
#1284=ORIENTED_EDGE('',*,*,#907,.T.);
#1285=ORIENTED_EDGE('',*,*,#910,.T.);
#1286=ORIENTED_EDGE('',*,*,#913,.T.);
#1287=ORIENTED_EDGE('',*,*,#916,.T.);
#1288=ORIENTED_EDGE('',*,*,#919,.T.);
#1289=ORIENTED_EDGE('',*,*,#922,.T.);
#1290=ORIENTED_EDGE('',*,*,#925,.T.);
#1291=ORIENTED_EDGE('',*,*,#928,.T.);
#1292=ORIENTED_EDGE('',*,*,#971,.F.);
#1293=ORIENTED_EDGE('',*,*,#959,.F.);
#1294=ORIENTED_EDGE('',*,*,#943,.T.);
#1295=ORIENTED_EDGE('',*,*,#835,.F.);
#1296=ORIENTED_EDGE('',*,*,#972,.F.);
#1297=ORIENTED_EDGE('',*,*,#960,.F.);
#1298=ORIENTED_EDGE('',*,*,#971,.T.);
#1299=ORIENTED_EDGE('',*,*,#834,.F.);
#1300=ORIENTED_EDGE('',*,*,#945,.T.);
#1301=ORIENTED_EDGE('',*,*,#958,.F.);
#1302=ORIENTED_EDGE('',*,*,#972,.T.);
#1303=ORIENTED_EDGE('',*,*,#833,.F.);
#1304=ORIENTED_EDGE('',*,*,#973,.F.);
#1305=ORIENTED_EDGE('',*,*,#947,.F.);
#1306=ORIENTED_EDGE('',*,*,#974,.F.);
#1307=ORIENTED_EDGE('',*,*,#816,.F.);
#1308=ORIENTED_EDGE('',*,*,#970,.T.);
#1309=ORIENTED_EDGE('',*,*,#932,.F.);
#1310=ORIENTED_EDGE('',*,*,#818,.F.);
#1311=ORIENTED_EDGE('',*,*,#975,.F.);
#1312=ORIENTED_EDGE('',*,*,#969,.T.);
#1313=ORIENTED_EDGE('',*,*,#975,.T.);
#1314=ORIENTED_EDGE('',*,*,#817,.F.);
#1315=ORIENTED_EDGE('',*,*,#934,.T.);
#1316=ORIENTED_EDGE('',*,*,#946,.F.);
#1317=ORIENTED_EDGE('',*,*,#976,.F.);
#1318=ORIENTED_EDGE('',*,*,#805,.F.);
#1319=ORIENTED_EDGE('',*,*,#974,.T.);
#1320=ORIENTED_EDGE('',*,*,#968,.F.);
#1321=ORIENTED_EDGE('',*,*,#977,.T.);
#1322=ORIENTED_EDGE('',*,*,#941,.T.);
#1323=ORIENTED_EDGE('',*,*,#977,.F.);
#1324=ORIENTED_EDGE('',*,*,#967,.F.);
#1325=ORIENTED_EDGE('',*,*,#978,.T.);
#1326=ORIENTED_EDGE('',*,*,#937,.T.);
#1327=ORIENTED_EDGE('',*,*,#978,.F.);
#1328=ORIENTED_EDGE('',*,*,#966,.F.);
#1329=ORIENTED_EDGE('',*,*,#979,.T.);
#1330=ORIENTED_EDGE('',*,*,#935,.T.);
#1331=ORIENTED_EDGE('',*,*,#979,.F.);
#1332=ORIENTED_EDGE('',*,*,#965,.F.);
#1333=ORIENTED_EDGE('',*,*,#980,.T.);
#1334=ORIENTED_EDGE('',*,*,#939,.T.);
#1335=ORIENTED_EDGE('',*,*,#980,.F.);
#1336=ORIENTED_EDGE('',*,*,#942,.F.);
#1337=ORIENTED_EDGE('',*,*,#981,.T.);
#1338=ORIENTED_EDGE('',*,*,#824,.F.);
#1339=ORIENTED_EDGE('',*,*,#981,.F.);
#1340=ORIENTED_EDGE('',*,*,#936,.F.);
#1341=ORIENTED_EDGE('',*,*,#982,.T.);
#1342=ORIENTED_EDGE('',*,*,#823,.F.);
#1343=ORIENTED_EDGE('',*,*,#982,.F.);
#1344=ORIENTED_EDGE('',*,*,#938,.F.);
#1345=ORIENTED_EDGE('',*,*,#983,.T.);
#1346=ORIENTED_EDGE('',*,*,#822,.F.);
#1347=ORIENTED_EDGE('',*,*,#983,.F.);
#1348=ORIENTED_EDGE('',*,*,#940,.F.);
#1349=ORIENTED_EDGE('',*,*,#984,.T.);
#1350=ORIENTED_EDGE('',*,*,#821,.F.);
#1351=ORIENTED_EDGE('',*,*,#984,.F.);
#1352=ORIENTED_EDGE('',*,*,#976,.T.);
#1353=ORIENTED_EDGE('',*,*,#957,.F.);
#1354=ORIENTED_EDGE('',*,*,#985,.F.);
#1355=ORIENTED_EDGE('',*,*,#806,.F.);
#1356=ORIENTED_EDGE('',*,*,#985,.T.);
#1357=ORIENTED_EDGE('',*,*,#956,.F.);
#1358=ORIENTED_EDGE('',*,*,#986,.F.);
#1359=ORIENTED_EDGE('',*,*,#807,.F.);
#1360=ORIENTED_EDGE('',*,*,#986,.T.);
#1361=ORIENTED_EDGE('',*,*,#955,.F.);
#1362=ORIENTED_EDGE('',*,*,#987,.F.);
#1363=ORIENTED_EDGE('',*,*,#808,.F.);
#1364=ORIENTED_EDGE('',*,*,#987,.T.);
#1365=ORIENTED_EDGE('',*,*,#954,.F.);
#1366=ORIENTED_EDGE('',*,*,#988,.F.);
#1367=ORIENTED_EDGE('',*,*,#809,.F.);
#1368=ORIENTED_EDGE('',*,*,#988,.T.);
#1369=ORIENTED_EDGE('',*,*,#953,.F.);
#1370=ORIENTED_EDGE('',*,*,#989,.F.);
#1371=ORIENTED_EDGE('',*,*,#810,.F.);
#1372=ORIENTED_EDGE('',*,*,#989,.T.);
#1373=ORIENTED_EDGE('',*,*,#952,.F.);
#1374=ORIENTED_EDGE('',*,*,#990,.F.);
#1375=ORIENTED_EDGE('',*,*,#811,.F.);
#1376=ORIENTED_EDGE('',*,*,#990,.T.);
#1377=ORIENTED_EDGE('',*,*,#951,.F.);
#1378=ORIENTED_EDGE('',*,*,#991,.F.);
#1379=ORIENTED_EDGE('',*,*,#812,.F.);
#1380=ORIENTED_EDGE('',*,*,#991,.T.);
#1381=ORIENTED_EDGE('',*,*,#950,.F.);
#1382=ORIENTED_EDGE('',*,*,#992,.F.);
#1383=ORIENTED_EDGE('',*,*,#813,.F.);
#1384=ORIENTED_EDGE('',*,*,#992,.T.);
#1385=ORIENTED_EDGE('',*,*,#949,.F.);
#1386=ORIENTED_EDGE('',*,*,#993,.F.);
#1387=ORIENTED_EDGE('',*,*,#814,.F.);
#1388=ORIENTED_EDGE('',*,*,#832,.F.);
#1389=ORIENTED_EDGE('',*,*,#994,.T.);
#1390=ORIENTED_EDGE('',*,*,#800,.T.);
#1391=ORIENTED_EDGE('',*,*,#994,.F.);
#1392=ORIENTED_EDGE('',*,*,#799,.T.);
#1393=ORIENTED_EDGE('',*,*,#831,.F.);
#1394=ORIENTED_EDGE('',*,*,#995,.T.);
#1395=ORIENTED_EDGE('',*,*,#804,.T.);
#1396=ORIENTED_EDGE('',*,*,#995,.F.);
#1397=ORIENTED_EDGE('',*,*,#803,.T.);
#1398=ORIENTED_EDGE('',*,*,#830,.F.);
#1399=ORIENTED_EDGE('',*,*,#996,.T.);
#1400=ORIENTED_EDGE('',*,*,#792,.T.);
#1401=ORIENTED_EDGE('',*,*,#996,.F.);
#1402=ORIENTED_EDGE('',*,*,#791,.T.);
#1403=ORIENTED_EDGE('',*,*,#829,.F.);
#1404=ORIENTED_EDGE('',*,*,#997,.T.);
#1405=ORIENTED_EDGE('',*,*,#796,.T.);
#1406=ORIENTED_EDGE('',*,*,#997,.F.);
#1407=ORIENTED_EDGE('',*,*,#795,.T.);
#1408=ORIENTED_EDGE('',*,*,#998,.F.);
#1409=ORIENTED_EDGE('',*,*,#964,.F.);
#1410=ORIENTED_EDGE('',*,*,#999,.F.);
#1411=ORIENTED_EDGE('',*,*,#826,.F.);
#1412=ORIENTED_EDGE('',*,*,#999,.T.);
#1413=ORIENTED_EDGE('',*,*,#963,.F.);
#1414=ORIENTED_EDGE('',*,*,#1000,.F.);
#1415=ORIENTED_EDGE('',*,*,#827,.F.);
#1416=ORIENTED_EDGE('',*,*,#1000,.T.);
#1417=ORIENTED_EDGE('',*,*,#962,.F.);
#1418=ORIENTED_EDGE('',*,*,#1001,.F.);
#1419=ORIENTED_EDGE('',*,*,#828,.F.);
#1420=ORIENTED_EDGE('',*,*,#1001,.T.);
#1421=ORIENTED_EDGE('',*,*,#961,.F.);
#1422=ORIENTED_EDGE('',*,*,#998,.T.);
#1423=ORIENTED_EDGE('',*,*,#825,.F.);
#1424=ORIENTED_EDGE('',*,*,#993,.T.);
#1425=ORIENTED_EDGE('',*,*,#948,.F.);
#1426=ORIENTED_EDGE('',*,*,#973,.T.);
#1427=ORIENTED_EDGE('',*,*,#815,.F.);
#1428=CYLINDRICAL_SURFACE('',#1549,1.7);
#1429=CYLINDRICAL_SURFACE('',#1554,1.7);
#1430=CYLINDRICAL_SURFACE('',#1559,1.7);
#1431=CYLINDRICAL_SURFACE('',#1564,1.7);
#1432=CYLINDRICAL_SURFACE('',#1620,3.00000000000001);
#1433=CYLINDRICAL_SURFACE('',#1621,2.99999999999999);
#1434=CYLINDRICAL_SURFACE('',#1622,3.);
#1435=CYLINDRICAL_SURFACE('',#1623,3.);
#1436=CYLINDRICAL_SURFACE('',#1624,1.7);
#1437=CYLINDRICAL_SURFACE('',#1625,1.7);
#1438=CYLINDRICAL_SURFACE('',#1626,1.7);
#1439=CYLINDRICAL_SURFACE('',#1627,1.7);
#1440=CYLINDRICAL_SURFACE('',#1629,5.);
#1441=CYLINDRICAL_SURFACE('',#1631,5.);
#1442=CYLINDRICAL_SURFACE('',#1633,5.);
#1443=CYLINDRICAL_SURFACE('',#1635,5.);
#1444=CYLINDRICAL_SURFACE('',#1637,2.34999999999999);
#1445=CYLINDRICAL_SURFACE('',#1639,2.35);
#1446=CYLINDRICAL_SURFACE('',#1641,2.34999999999999);
#1447=CYLINDRICAL_SURFACE('',#1643,2.35);
#1448=ADVANCED_FACE('',(#163),#1428,.F.);
#1449=ADVANCED_FACE('',(#164,#94),#122,.T.);
#1450=ADVANCED_FACE('',(#165),#1429,.F.);
#1451=ADVANCED_FACE('',(#166,#95),#123,.T.);
#1452=ADVANCED_FACE('',(#167),#1430,.F.);
#1453=ADVANCED_FACE('',(#168,#96),#124,.T.);
#1454=ADVANCED_FACE('',(#169),#1431,.F.);
#1455=ADVANCED_FACE('',(#170,#97),#125,.T.);
#1456=ADVANCED_FACE('',(#171,#98,#99,#100,#101,#102,#103,#104,#105,#106,
#107,#108),#126,.F.);
#1457=ADVANCED_FACE('',(#172),#127,.T.);
#1458=ADVANCED_FACE('',(#173),#68,.T.);
#1459=ADVANCED_FACE('',(#174),#69,.T.);
#1460=ADVANCED_FACE('',(#175),#70,.T.);
#1461=ADVANCED_FACE('',(#176),#71,.T.);
#1462=ADVANCED_FACE('',(#177),#72,.T.);
#1463=ADVANCED_FACE('',(#178),#73,.T.);
#1464=ADVANCED_FACE('',(#179),#74,.T.);
#1465=ADVANCED_FACE('',(#180),#75,.T.);
#1466=ADVANCED_FACE('',(#181),#76,.T.);
#1467=ADVANCED_FACE('',(#182),#77,.T.);
#1468=ADVANCED_FACE('',(#183),#78,.T.);
#1469=ADVANCED_FACE('',(#184),#79,.T.);
#1470=ADVANCED_FACE('',(#185),#80,.T.);
#1471=ADVANCED_FACE('',(#186),#81,.T.);
#1472=ADVANCED_FACE('',(#187),#82,.T.);
#1473=ADVANCED_FACE('',(#188),#83,.T.);
#1474=ADVANCED_FACE('',(#189),#128,.T.);
#1475=ADVANCED_FACE('',(#190),#84,.T.);
#1476=ADVANCED_FACE('',(#191),#129,.T.);
#1477=ADVANCED_FACE('',(#192),#85,.T.);
#1478=ADVANCED_FACE('',(#193),#130,.T.);
#1479=ADVANCED_FACE('',(#194),#86,.T.);
#1480=ADVANCED_FACE('',(#195),#87,.T.);
#1481=ADVANCED_FACE('',(#196),#88,.T.);
#1482=ADVANCED_FACE('',(#197),#89,.T.);
#1483=ADVANCED_FACE('',(#198),#90,.T.);
#1484=ADVANCED_FACE('',(#199),#131,.T.);
#1485=ADVANCED_FACE('',(#200),#91,.T.);
#1486=ADVANCED_FACE('',(#201),#92,.T.);
#1487=ADVANCED_FACE('',(#202),#93,.T.);
#1488=ADVANCED_FACE('',(#203,#109),#132,.T.);
#1489=ADVANCED_FACE('',(#204),#133,.T.);
#1490=ADVANCED_FACE('',(#205),#134,.F.);
#1491=ADVANCED_FACE('',(#206),#135,.F.);
#1492=ADVANCED_FACE('',(#207,#110),#136,.T.);
#1493=ADVANCED_FACE('',(#208,#111),#137,.T.);
#1494=ADVANCED_FACE('',(#209,#112),#138,.T.);
#1495=ADVANCED_FACE('',(#210,#113),#139,.T.);
#1496=ADVANCED_FACE('',(#211),#140,.F.);
#1497=ADVANCED_FACE('',(#212,#114,#115,#116,#117,#118,#119,#120,#121),#141,
 .T.);
#1498=ADVANCED_FACE('',(#213),#142,.F.);
#1499=ADVANCED_FACE('',(#214),#143,.F.);
#1500=ADVANCED_FACE('',(#215),#144,.F.);
#1501=ADVANCED_FACE('',(#216),#145,.F.);
#1502=ADVANCED_FACE('',(#217),#146,.F.);
#1503=ADVANCED_FACE('',(#218),#147,.F.);
#1504=ADVANCED_FACE('',(#219),#148,.T.);
#1505=ADVANCED_FACE('',(#220),#1432,.F.);
#1506=ADVANCED_FACE('',(#221),#1433,.F.);
#1507=ADVANCED_FACE('',(#222),#1434,.F.);
#1508=ADVANCED_FACE('',(#223),#1435,.F.);
#1509=ADVANCED_FACE('',(#224),#1436,.F.);
#1510=ADVANCED_FACE('',(#225),#1437,.F.);
#1511=ADVANCED_FACE('',(#226),#1438,.F.);
#1512=ADVANCED_FACE('',(#227),#1439,.F.);
#1513=ADVANCED_FACE('',(#228),#149,.T.);
#1514=ADVANCED_FACE('',(#229),#1440,.T.);
#1515=ADVANCED_FACE('',(#230),#150,.T.);
#1516=ADVANCED_FACE('',(#231),#1441,.T.);
#1517=ADVANCED_FACE('',(#232),#151,.T.);
#1518=ADVANCED_FACE('',(#233),#1442,.T.);
#1519=ADVANCED_FACE('',(#234),#152,.T.);
#1520=ADVANCED_FACE('',(#235),#1443,.T.);
#1521=ADVANCED_FACE('',(#236),#153,.T.);
#1522=ADVANCED_FACE('',(#237),#1444,.F.);
#1523=ADVANCED_FACE('',(#238),#154,.F.);
#1524=ADVANCED_FACE('',(#239),#1445,.F.);
#1525=ADVANCED_FACE('',(#240),#155,.F.);
#1526=ADVANCED_FACE('',(#241),#1446,.F.);
#1527=ADVANCED_FACE('',(#242),#156,.F.);
#1528=ADVANCED_FACE('',(#243),#1447,.F.);
#1529=ADVANCED_FACE('',(#244),#157,.F.);
#1530=ADVANCED_FACE('',(#245),#158,.T.);
#1531=ADVANCED_FACE('',(#246),#159,.T.);
#1532=ADVANCED_FACE('',(#247),#160,.T.);
#1533=ADVANCED_FACE('',(#248),#161,.T.);
#1534=ADVANCED_FACE('',(#249),#162,.T.);
#1535=CLOSED_SHELL('',(#1448,#1449,#1450,#1451,#1452,#1453,#1454,#1455,
#1456,#1457,#1458,#1459,#1460,#1461,#1462,#1463,#1464,#1465,#1466,#1467,
#1468,#1469,#1470,#1471,#1472,#1473,#1474,#1475,#1476,#1477,#1478,#1479,
#1480,#1481,#1482,#1483,#1484,#1485,#1486,#1487,#1488,#1489,#1490,#1491,
#1492,#1493,#1494,#1495,#1496,#1497,#1498,#1499,#1500,#1501,#1502,#1503,
#1504,#1505,#1506,#1507,#1508,#1509,#1510,#1511,#1512,#1513,#1514,#1515,
#1516,#1517,#1518,#1519,#1520,#1521,#1522,#1523,#1524,#1525,#1526,#1527,
#1528,#1529,#1530,#1531,#1532,#1533,#1534));
#1536=DERIVED_UNIT_ELEMENT(#1538,1.);
#1537=DERIVED_UNIT_ELEMENT(#2764,-3.);
#1538=(
MASS_UNIT()
NAMED_UNIT(*)
SI_UNIT(.KILO.,.GRAM.)
);
#1539=DERIVED_UNIT((#1536,#1537));
#1540=MEASURE_REPRESENTATION_ITEM('density measure',
POSITIVE_RATIO_MEASURE(7850.),#1539);
#1541=PROPERTY_DEFINITION_REPRESENTATION(#1546,#1543);
#1542=PROPERTY_DEFINITION_REPRESENTATION(#1547,#1544);
#1543=REPRESENTATION('material name',(#1545),#2761);
#1544=REPRESENTATION('density',(#1540),#2761);
#1545=DESCRIPTIVE_REPRESENTATION_ITEM('Steel','Steel');
#1546=PROPERTY_DEFINITION('material property','material name',#2771);
#1547=PROPERTY_DEFINITION('material property','density of part',#2771);
#1548=AXIS2_PLACEMENT_3D('',#1975,#1650,#1651);
#1549=AXIS2_PLACEMENT_3D('',#1976,#1652,#1653);
#1550=AXIS2_PLACEMENT_3D('',#1978,#1654,#1655);
#1551=AXIS2_PLACEMENT_3D('',#1981,#1657,#1658);
#1552=AXIS2_PLACEMENT_3D('',#1982,#1659,#1660);
#1553=AXIS2_PLACEMENT_3D('',#1984,#1661,#1662);
#1554=AXIS2_PLACEMENT_3D('',#1985,#1663,#1664);
#1555=AXIS2_PLACEMENT_3D('',#1987,#1665,#1666);
#1556=AXIS2_PLACEMENT_3D('',#1990,#1668,#1669);
#1557=AXIS2_PLACEMENT_3D('',#1991,#1670,#1671);
#1558=AXIS2_PLACEMENT_3D('',#1993,#1672,#1673);
#1559=AXIS2_PLACEMENT_3D('',#1994,#1674,#1675);
#1560=AXIS2_PLACEMENT_3D('',#1996,#1676,#1677);
#1561=AXIS2_PLACEMENT_3D('',#1999,#1679,#1680);
#1562=AXIS2_PLACEMENT_3D('',#2000,#1681,#1682);
#1563=AXIS2_PLACEMENT_3D('',#2002,#1683,#1684);
#1564=AXIS2_PLACEMENT_3D('',#2003,#1685,#1686);
#1565=AXIS2_PLACEMENT_3D('',#2005,#1687,#1688);
#1566=AXIS2_PLACEMENT_3D('',#2008,#1690,#1691);
#1567=AXIS2_PLACEMENT_3D('',#2009,#1692,#1693);
#1568=AXIS2_PLACEMENT_3D('',#2011,#1694,#1695);
#1569=AXIS2_PLACEMENT_3D('',#2012,#1696,#1697);
#1570=AXIS2_PLACEMENT_3D('',#2019,#1700,#1701);
#1571=AXIS2_PLACEMENT_3D('',#2023,#1703,#1704);
#1572=AXIS2_PLACEMENT_3D('',#2027,#1706,#1707);
#1573=AXIS2_PLACEMENT_3D('',#2031,#1709,#1710);
#1574=AXIS2_PLACEMENT_3D('',#2046,#1718,#1719);
#1575=AXIS2_PLACEMENT_3D('',#2048,#1720,#1721);
#1576=AXIS2_PLACEMENT_3D('',#2050,#1722,#1723);
#1577=AXIS2_PLACEMENT_3D('',#2052,#1724,#1725);
#1578=AXIS2_PLACEMENT_3D('',#2062,#1730,#1731);
#1579=AXIS2_PLACEMENT_3D('',#2064,#1732,#1733);
#1580=AXIS2_PLACEMENT_3D('',#2066,#1734,#1735);
#1581=AXIS2_PLACEMENT_3D('',#2068,#1736,#1737);
#1582=AXIS2_PLACEMENT_3D('',#2077,#1742,#1743);
#1583=AXIS2_PLACEMENT_3D('',#2393,#1765,#1766);
#1584=AXIS2_PLACEMENT_3D('',#2415,#1770,#1771);
#1585=AXIS2_PLACEMENT_3D('',#2440,#1776,#1777);
#1586=AXIS2_PLACEMENT_3D('',#2544,#1786,#1787);
#1587=AXIS2_PLACEMENT_3D('',#2604,#1793,#1794);
#1588=AXIS2_PLACEMENT_3D('',#2605,#1795,#1796);
#1589=AXIS2_PLACEMENT_3D('',#2606,#1797,#1798);
#1590=AXIS2_PLACEMENT_3D('',#2612,#1802,#1803);
#1591=AXIS2_PLACEMENT_3D('',#2616,#1806,#1807);
#1592=AXIS2_PLACEMENT_3D('',#2618,#1808,#1809);
#1593=AXIS2_PLACEMENT_3D('',#2620,#1810,#1811);
#1594=AXIS2_PLACEMENT_3D('',#2621,#1812,#1813);
#1595=AXIS2_PLACEMENT_3D('',#2623,#1814,#1815);
#1596=AXIS2_PLACEMENT_3D('',#2625,#1816,#1817);
#1597=AXIS2_PLACEMENT_3D('',#2626,#1818,#1819);
#1598=AXIS2_PLACEMENT_3D('',#2628,#1820,#1821);
#1599=AXIS2_PLACEMENT_3D('',#2630,#1822,#1823);
#1600=AXIS2_PLACEMENT_3D('',#2631,#1824,#1825);
#1601=AXIS2_PLACEMENT_3D('',#2633,#1826,#1827);
#1602=AXIS2_PLACEMENT_3D('',#2635,#1828,#1829);
#1603=AXIS2_PLACEMENT_3D('',#2636,#1830,#1831);
#1604=AXIS2_PLACEMENT_3D('',#2642,#1835,#1836);
#1605=AXIS2_PLACEMENT_3D('',#2653,#1841,#1842);
#1606=AXIS2_PLACEMENT_3D('',#2657,#1844,#1845);
#1607=AXIS2_PLACEMENT_3D('',#2661,#1847,#1848);
#1608=AXIS2_PLACEMENT_3D('',#2665,#1850,#1851);
#1609=AXIS2_PLACEMENT_3D('',#2681,#1860,#1861);
#1610=AXIS2_PLACEMENT_3D('',#2683,#1862,#1863);
#1611=AXIS2_PLACEMENT_3D('',#2685,#1864,#1865);
#1612=AXIS2_PLACEMENT_3D('',#2687,#1866,#1867);
#1613=AXIS2_PLACEMENT_3D('',#2691,#1870,#1871);
#1614=AXIS2_PLACEMENT_3D('',#2693,#1873,#1874);
#1615=AXIS2_PLACEMENT_3D('',#2695,#1876,#1877);
#1616=AXIS2_PLACEMENT_3D('',#2696,#1878,#1879);
#1617=AXIS2_PLACEMENT_3D('',#2699,#1882,#1883);
#1618=AXIS2_PLACEMENT_3D('',#2701,#1885,#1886);
#1619=AXIS2_PLACEMENT_3D('',#2702,#1887,#1888);
#1620=AXIS2_PLACEMENT_3D('',#2704,#1890,#1891);
#1621=AXIS2_PLACEMENT_3D('',#2706,#1893,#1894);
#1622=AXIS2_PLACEMENT_3D('',#2708,#1896,#1897);
#1623=AXIS2_PLACEMENT_3D('',#2710,#1899,#1900);
#1624=AXIS2_PLACEMENT_3D('',#2712,#1902,#1903);
#1625=AXIS2_PLACEMENT_3D('',#2714,#1905,#1906);
#1626=AXIS2_PLACEMENT_3D('',#2716,#1908,#1909);
#1627=AXIS2_PLACEMENT_3D('',#2718,#1911,#1912);
#1628=AXIS2_PLACEMENT_3D('',#2720,#1914,#1915);
#1629=AXIS2_PLACEMENT_3D('',#2722,#1917,#1918);
#1630=AXIS2_PLACEMENT_3D('',#2724,#1920,#1921);
#1631=AXIS2_PLACEMENT_3D('',#2726,#1923,#1924);
#1632=AXIS2_PLACEMENT_3D('',#2728,#1926,#1927);
#1633=AXIS2_PLACEMENT_3D('',#2730,#1929,#1930);
#1634=AXIS2_PLACEMENT_3D('',#2732,#1932,#1933);
#1635=AXIS2_PLACEMENT_3D('',#2734,#1935,#1936);
#1636=AXIS2_PLACEMENT_3D('',#2736,#1938,#1939);
#1637=AXIS2_PLACEMENT_3D('',#2738,#1941,#1942);
#1638=AXIS2_PLACEMENT_3D('',#2740,#1944,#1945);
#1639=AXIS2_PLACEMENT_3D('',#2741,#1946,#1947);
#1640=AXIS2_PLACEMENT_3D('',#2743,#1949,#1950);
#1641=AXIS2_PLACEMENT_3D('',#2744,#1951,#1952);
#1642=AXIS2_PLACEMENT_3D('',#2746,#1954,#1955);
#1643=AXIS2_PLACEMENT_3D('',#2747,#1956,#1957);
#1644=AXIS2_PLACEMENT_3D('',#2749,#1959,#1960);
#1645=AXIS2_PLACEMENT_3D('',#2750,#1961,#1962);
#1646=AXIS2_PLACEMENT_3D('',#2753,#1965,#1966);
#1647=AXIS2_PLACEMENT_3D('',#2755,#1968,#1969);
#1648=AXIS2_PLACEMENT_3D('',#2757,#1971,#1972);
#1649=AXIS2_PLACEMENT_3D('',#2758,#1973,#1974);
#1650=DIRECTION('axis',(0.,0.,1.));
#1651=DIRECTION('refdir',(1.,0.,0.));
#1652=DIRECTION('center_axis',(0.,0.,-1.));
#1653=DIRECTION('ref_axis',(1.,0.,0.));
#1654=DIRECTION('center_axis',(0.,0.,1.));
#1655=DIRECTION('ref_axis',(1.,0.,0.));
#1656=DIRECTION('',(0.,0.,1.));
#1657=DIRECTION('center_axis',(0.,0.,-1.));
#1658=DIRECTION('ref_axis',(1.,0.,0.));
#1659=DIRECTION('center_axis',(0.,0.,-1.));
#1660=DIRECTION('ref_axis',(1.,0.,0.));
#1661=DIRECTION('center_axis',(0.,0.,1.));
#1662=DIRECTION('ref_axis',(1.,0.,0.));
#1663=DIRECTION('center_axis',(0.,0.,-1.));
#1664=DIRECTION('ref_axis',(1.,0.,0.));
#1665=DIRECTION('center_axis',(0.,0.,1.));
#1666=DIRECTION('ref_axis',(1.,0.,0.));
#1667=DIRECTION('',(0.,0.,1.));
#1668=DIRECTION('center_axis',(0.,0.,-1.));
#1669=DIRECTION('ref_axis',(1.,0.,0.));
#1670=DIRECTION('center_axis',(0.,0.,-1.));
#1671=DIRECTION('ref_axis',(1.,0.,0.));
#1672=DIRECTION('center_axis',(0.,0.,1.));
#1673=DIRECTION('ref_axis',(1.,0.,0.));
#1674=DIRECTION('center_axis',(0.,0.,-1.));
#1675=DIRECTION('ref_axis',(1.,0.,0.));
#1676=DIRECTION('center_axis',(0.,0.,1.));
#1677=DIRECTION('ref_axis',(1.,0.,0.));
#1678=DIRECTION('',(0.,0.,1.));
#1679=DIRECTION('center_axis',(0.,0.,-1.));
#1680=DIRECTION('ref_axis',(1.,0.,0.));
#1681=DIRECTION('center_axis',(0.,0.,-1.));
#1682=DIRECTION('ref_axis',(1.,0.,0.));
#1683=DIRECTION('center_axis',(0.,0.,1.));
#1684=DIRECTION('ref_axis',(1.,0.,0.));
#1685=DIRECTION('center_axis',(0.,0.,-1.));
#1686=DIRECTION('ref_axis',(1.,0.,0.));
#1687=DIRECTION('center_axis',(0.,0.,1.));
#1688=DIRECTION('ref_axis',(1.,0.,0.));
#1689=DIRECTION('',(0.,0.,1.));
#1690=DIRECTION('center_axis',(0.,0.,-1.));
#1691=DIRECTION('ref_axis',(1.,0.,0.));
#1692=DIRECTION('center_axis',(0.,0.,-1.));
#1693=DIRECTION('ref_axis',(1.,0.,0.));
#1694=DIRECTION('center_axis',(0.,0.,1.));
#1695=DIRECTION('ref_axis',(1.,0.,0.));
#1696=DIRECTION('center_axis',(0.,0.,1.));
#1697=DIRECTION('ref_axis',(1.,0.,0.));
#1698=DIRECTION('',(0.,1.,0.));
#1699=DIRECTION('',(1.,0.,0.));
#1700=DIRECTION('center_axis',(0.,0.,-1.));
#1701=DIRECTION('ref_axis',(1.,0.,0.));
#1702=DIRECTION('',(0.,-1.,0.));
#1703=DIRECTION('center_axis',(0.,0.,-1.));
#1704=DIRECTION('ref_axis',(0.,-1.,0.));
#1705=DIRECTION('',(-1.,0.,0.));
#1706=DIRECTION('center_axis',(0.,0.,-1.));
#1707=DIRECTION('ref_axis',(-1.,6.66133814775094E-16,0.));
#1708=DIRECTION('',(-4.9398132352621E-17,1.,0.));
#1709=DIRECTION('center_axis',(0.,0.,-1.));
#1710=DIRECTION('ref_axis',(0.,1.,0.));
#1711=DIRECTION('',(1.,0.,0.));
#1712=DIRECTION('',(0.,-1.,0.));
#1713=DIRECTION('',(1.,0.,0.));
#1714=DIRECTION('',(1.,0.,0.));
#1715=DIRECTION('',(0.,1.,0.));
#1716=DIRECTION('',(-1.,0.,0.));
#1717=DIRECTION('',(0.,-1.,0.));
#1718=DIRECTION('center_axis',(0.,0.,1.));
#1719=DIRECTION('ref_axis',(-1.,0.,0.));
#1720=DIRECTION('center_axis',(0.,0.,1.));
#1721=DIRECTION('ref_axis',(-1.,0.,0.));
#1722=DIRECTION('center_axis',(0.,0.,1.));
#1723=DIRECTION('ref_axis',(-1.,0.,0.));
#1724=DIRECTION('center_axis',(0.,0.,1.));
#1725=DIRECTION('ref_axis',(-1.,0.,0.));
#1726=DIRECTION('',(1.,0.,0.));
#1727=DIRECTION('',(0.,1.,0.));
#1728=DIRECTION('',(-1.,0.,0.));
#1729=DIRECTION('',(0.,-1.,0.));
#1730=DIRECTION('center_axis',(0.,0.,1.));
#1731=DIRECTION('ref_axis',(1.,0.,0.));
#1732=DIRECTION('center_axis',(0.,0.,1.));
#1733=DIRECTION('ref_axis',(1.,0.,0.));
#1734=DIRECTION('center_axis',(0.,0.,1.));
#1735=DIRECTION('ref_axis',(1.,0.,0.));
#1736=DIRECTION('center_axis',(0.,0.,1.));
#1737=DIRECTION('ref_axis',(1.,0.,0.));
#1738=DIRECTION('',(0.,-1.,0.));
#1739=DIRECTION('',(1.,0.,0.));
#1740=DIRECTION('',(0.,1.,0.));
#1741=DIRECTION('',(-1.,0.,0.));
#1742=DIRECTION('center_axis',(0.,1.,0.));
#1743=DIRECTION('ref_axis',(-1.,0.,0.));
#1744=DIRECTION('',(1.,0.,0.));
#1745=DIRECTION('',(0.,0.,1.));
#1746=DIRECTION('',(-1.,0.,0.));
#1747=DIRECTION('',(0.,0.,1.));
#1748=DIRECTION('',(0.,0.,1.));
#1749=DIRECTION('',(0.,0.,1.));
#1750=DIRECTION('',(0.,0.,1.));
#1751=DIRECTION('',(0.,0.,1.));
#1752=DIRECTION('',(0.,0.,1.));
#1753=DIRECTION('',(0.,0.,1.));
#1754=DIRECTION('',(0.,0.,1.));
#1755=DIRECTION('',(0.,0.,1.));
#1756=DIRECTION('',(0.,0.,1.));
#1757=DIRECTION('',(0.,0.,1.));
#1758=DIRECTION('',(0.,0.,1.));
#1759=DIRECTION('',(0.,0.,1.));
#1760=DIRECTION('',(0.,0.,1.));
#1761=DIRECTION('',(0.,0.,1.));
#1762=DIRECTION('',(0.,0.,1.));
#1763=DIRECTION('',(0.,0.,1.));
#1764=DIRECTION('',(0.,0.,1.));
#1765=DIRECTION('center_axis',(0.857569895173643,-0.514367451236824,0.));
#1766=DIRECTION('ref_axis',(0.514367451236824,0.857569895173643,0.));
#1767=DIRECTION('',(-0.514367451236824,-0.857569895173643,0.));
#1768=DIRECTION('',(0.514367451236824,0.857569895173643,0.));
#1769=DIRECTION('',(0.,0.,1.));
#1770=DIRECTION('center_axis',(0.,-1.,0.));
#1771=DIRECTION('ref_axis',(1.,0.,0.));
#1772=DIRECTION('',(-1.,0.,0.));
#1773=DIRECTION('',(1.,0.,0.));
#1774=DIRECTION('',(0.,0.,1.));
#1775=DIRECTION('',(0.,0.,1.));
#1776=DIRECTION('center_axis',(-0.866922240781759,0.498443405451344,0.));
#1777=DIRECTION('ref_axis',(-0.498443405451344,-0.866922240781759,0.));
#1778=DIRECTION('',(0.498443405451344,0.866922240781759,0.));
#1779=DIRECTION('',(-0.498443405451344,-0.866922240781759,0.));
#1780=DIRECTION('',(0.,0.,1.));
#1781=DIRECTION('',(0.,0.,1.));
#1782=DIRECTION('',(0.,0.,1.));
#1783=DIRECTION('',(0.,0.,1.));
#1784=DIRECTION('',(0.,0.,1.));
#1785=DIRECTION('',(0.,0.,1.));
#1786=DIRECTION('center_axis',(0.794855948323045,-0.606798171895296,0.));
#1787=DIRECTION('ref_axis',(0.606798171895296,0.794855948323045,0.));
#1788=DIRECTION('',(-0.606798171895296,-0.794855948323045,0.));
#1789=DIRECTION('',(0.606798171895296,0.794855948323045,0.));
#1790=DIRECTION('',(0.,0.,1.));
#1791=DIRECTION('',(0.,0.,1.));
#1792=DIRECTION('',(0.,0.,1.));
#1793=DIRECTION('center_axis',(0.,0.,1.));
#1794=DIRECTION('ref_axis',(1.,0.,0.));
#1795=DIRECTION('center_axis',(0.,0.,1.));
#1796=DIRECTION('ref_axis',(1.,0.,0.));
#1797=DIRECTION('center_axis',(0.,-1.,0.));
#1798=DIRECTION('ref_axis',(0.,0.,-1.));
#1799=DIRECTION('',(-1.,0.,0.));
#1800=DIRECTION('',(0.,0.,-1.));
#1801=DIRECTION('',(0.,0.,-1.));
#1802=DIRECTION('center_axis',(1.,0.,0.));
#1803=DIRECTION('ref_axis',(0.,0.,-1.));
#1804=DIRECTION('',(0.,-1.,0.));
#1805=DIRECTION('',(0.,0.,1.));
#1806=DIRECTION('center_axis',(0.,0.,1.));
#1807=DIRECTION('ref_axis',(-1.,0.,0.));
#1808=DIRECTION('center_axis',(0.,0.,-1.));
#1809=DIRECTION('ref_axis',(-1.,0.,0.));
#1810=DIRECTION('center_axis',(0.,0.,-1.));
#1811=DIRECTION('ref_axis',(-1.,0.,0.));
#1812=DIRECTION('center_axis',(0.,0.,1.));
#1813=DIRECTION('ref_axis',(-1.,0.,0.));
#1814=DIRECTION('center_axis',(0.,0.,-1.));
#1815=DIRECTION('ref_axis',(-1.,0.,0.));
#1816=DIRECTION('center_axis',(0.,0.,-1.));
#1817=DIRECTION('ref_axis',(-1.,0.,0.));
#1818=DIRECTION('center_axis',(0.,0.,1.));
#1819=DIRECTION('ref_axis',(-1.,0.,0.));
#1820=DIRECTION('center_axis',(0.,0.,-1.));
#1821=DIRECTION('ref_axis',(-1.,0.,0.));
#1822=DIRECTION('center_axis',(0.,0.,-1.));
#1823=DIRECTION('ref_axis',(-1.,0.,0.));
#1824=DIRECTION('center_axis',(0.,0.,1.));
#1825=DIRECTION('ref_axis',(-1.,0.,0.));
#1826=DIRECTION('center_axis',(0.,0.,-1.));
#1827=DIRECTION('ref_axis',(-1.,0.,0.));
#1828=DIRECTION('center_axis',(0.,0.,-1.));
#1829=DIRECTION('ref_axis',(-1.,0.,0.));
#1830=DIRECTION('center_axis',(0.,1.,0.));
#1831=DIRECTION('ref_axis',(0.,0.,1.));
#1832=DIRECTION('',(0.,0.,-1.));
#1833=DIRECTION('',(1.,0.,0.));
#1834=DIRECTION('',(0.,0.,1.));
#1835=DIRECTION('center_axis',(0.,0.,1.));
#1836=DIRECTION('ref_axis',(1.,0.,0.));
#1837=DIRECTION('',(0.,-1.,0.));
#1838=DIRECTION('',(-1.,0.,0.));
#1839=DIRECTION('',(0.,1.,0.));
#1840=DIRECTION('',(-1.,0.,0.));
#1841=DIRECTION('center_axis',(0.,0.,1.));
#1842=DIRECTION('ref_axis',(0.,1.,0.));
#1843=DIRECTION('',(4.9398132352621E-17,-1.,0.));
#1844=DIRECTION('center_axis',(0.,0.,1.));
#1845=DIRECTION('ref_axis',(-1.,6.66133814775094E-16,0.));
#1846=DIRECTION('',(1.,0.,0.));
#1847=DIRECTION('center_axis',(0.,0.,1.));
#1848=DIRECTION('ref_axis',(0.,-1.,0.));
#1849=DIRECTION('',(0.,1.,0.));
#1850=DIRECTION('center_axis',(0.,0.,1.));
#1851=DIRECTION('ref_axis',(1.,0.,0.));
#1852=DIRECTION('',(-1.,0.,0.));
#1853=DIRECTION('',(0.,1.,0.));
#1854=DIRECTION('',(0.,-1.,0.));
#1855=DIRECTION('',(-1.,0.,0.));
#1856=DIRECTION('',(-1.,0.,0.));
#1857=DIRECTION('',(0.,1.,0.));
#1858=DIRECTION('',(1.,0.,0.));
#1859=DIRECTION('',(0.,-1.,0.));
#1860=DIRECTION('center_axis',(0.,0.,-1.));
#1861=DIRECTION('ref_axis',(-1.,0.,0.));
#1862=DIRECTION('center_axis',(0.,0.,-1.));
#1863=DIRECTION('ref_axis',(-1.,0.,0.));
#1864=DIRECTION('center_axis',(0.,0.,-1.));
#1865=DIRECTION('ref_axis',(-1.,0.,0.));
#1866=DIRECTION('center_axis',(0.,0.,-1.));
#1867=DIRECTION('ref_axis',(-1.,0.,0.));
#1868=DIRECTION('',(1.,0.,0.));
#1869=DIRECTION('',(0.,1.,0.));
#1870=DIRECTION('center_axis',(1.,0.,0.));
#1871=DIRECTION('ref_axis',(0.,0.,-1.));
#1872=DIRECTION('',(0.,0.,-1.));
#1873=DIRECTION('center_axis',(0.,-1.,0.));
#1874=DIRECTION('ref_axis',(0.,0.,-1.));
#1875=DIRECTION('',(0.,0.,-1.));
#1876=DIRECTION('center_axis',(-1.,0.,0.));
#1877=DIRECTION('ref_axis',(0.,0.,1.));
#1878=DIRECTION('center_axis',(0.,-1.,0.));
#1879=DIRECTION('ref_axis',(0.,0.,-1.));
#1880=DIRECTION('',(0.,0.,-1.));
#1881=DIRECTION('',(0.,0.,1.));
#1882=DIRECTION('center_axis',(-1.,0.,0.));
#1883=DIRECTION('ref_axis',(0.,0.,1.));
#1884=DIRECTION('',(0.,0.,-1.));
#1885=DIRECTION('center_axis',(0.,1.,0.));
#1886=DIRECTION('ref_axis',(0.,0.,1.));
#1887=DIRECTION('center_axis',(-1.,0.,0.));
#1888=DIRECTION('ref_axis',(0.,-1.,0.));
#1889=DIRECTION('',(0.,0.,1.));
#1890=DIRECTION('center_axis',(0.,0.,-1.));
#1891=DIRECTION('ref_axis',(-1.,0.,0.));
#1892=DIRECTION('',(0.,0.,-1.));
#1893=DIRECTION('center_axis',(0.,0.,-1.));
#1894=DIRECTION('ref_axis',(-1.,0.,0.));
#1895=DIRECTION('',(0.,0.,-1.));
#1896=DIRECTION('center_axis',(0.,0.,-1.));
#1897=DIRECTION('ref_axis',(-1.,0.,0.));
#1898=DIRECTION('',(0.,0.,-1.));
#1899=DIRECTION('center_axis',(0.,0.,-1.));
#1900=DIRECTION('ref_axis',(-1.,0.,0.));
#1901=DIRECTION('',(0.,0.,-1.));
#1902=DIRECTION('center_axis',(0.,0.,-1.));
#1903=DIRECTION('ref_axis',(-1.,0.,0.));
#1904=DIRECTION('',(0.,0.,-1.));
#1905=DIRECTION('center_axis',(0.,0.,-1.));
#1906=DIRECTION('ref_axis',(-1.,0.,0.));
#1907=DIRECTION('',(0.,0.,-1.));
#1908=DIRECTION('center_axis',(0.,0.,-1.));
#1909=DIRECTION('ref_axis',(-1.,0.,0.));
#1910=DIRECTION('',(0.,0.,-1.));
#1911=DIRECTION('center_axis',(0.,0.,-1.));
#1912=DIRECTION('ref_axis',(-1.,0.,0.));
#1913=DIRECTION('',(0.,0.,-1.));
#1914=DIRECTION('center_axis',(0.,1.,0.));
#1915=DIRECTION('ref_axis',(-1.,0.,0.));
#1916=DIRECTION('',(0.,0.,1.));
#1917=DIRECTION('center_axis',(0.,0.,1.));
#1918=DIRECTION('ref_axis',(1.,0.,0.));
#1919=DIRECTION('',(0.,0.,1.));
#1920=DIRECTION('center_axis',(1.,0.,0.));
#1921=DIRECTION('ref_axis',(0.,1.,0.));
#1922=DIRECTION('',(0.,0.,1.));
#1923=DIRECTION('center_axis',(0.,0.,1.));
#1924=DIRECTION('ref_axis',(0.,-1.,0.));
#1925=DIRECTION('',(0.,0.,1.));
#1926=DIRECTION('center_axis',(0.,-1.,0.));
#1927=DIRECTION('ref_axis',(1.,0.,0.));
#1928=DIRECTION('',(0.,0.,1.));
#1929=DIRECTION('center_axis',(0.,0.,1.));
#1930=DIRECTION('ref_axis',(-1.,6.66133814775094E-16,0.));
#1931=DIRECTION('',(0.,0.,1.));
#1932=DIRECTION('center_axis',(-1.,-4.9398132352621E-17,0.));
#1933=DIRECTION('ref_axis',(4.9398132352621E-17,-1.,0.));
#1934=DIRECTION('',(0.,0.,1.));
#1935=DIRECTION('center_axis',(0.,0.,1.));
#1936=DIRECTION('ref_axis',(0.,1.,0.));
#1937=DIRECTION('',(0.,0.,1.));
#1938=DIRECTION('center_axis',(0.,1.,0.));
#1939=DIRECTION('ref_axis',(-1.,0.,0.));
#1940=DIRECTION('',(0.,0.,1.));
#1941=DIRECTION('center_axis',(0.,0.,1.));
#1942=DIRECTION('ref_axis',(1.,0.,0.));
#1943=DIRECTION('',(0.,0.,1.));
#1944=DIRECTION('center_axis',(0.,0.,1.));
#1945=DIRECTION('ref_axis',(1.,0.,0.));
#1946=DIRECTION('center_axis',(0.,0.,1.));
#1947=DIRECTION('ref_axis',(1.,0.,0.));
#1948=DIRECTION('',(0.,0.,1.));
#1949=DIRECTION('center_axis',(0.,0.,1.));
#1950=DIRECTION('ref_axis',(1.,0.,0.));
#1951=DIRECTION('center_axis',(0.,0.,1.));
#1952=DIRECTION('ref_axis',(1.,0.,0.));
#1953=DIRECTION('',(0.,0.,1.));
#1954=DIRECTION('center_axis',(0.,0.,1.));
#1955=DIRECTION('ref_axis',(1.,0.,0.));
#1956=DIRECTION('center_axis',(0.,0.,1.));
#1957=DIRECTION('ref_axis',(1.,0.,0.));
#1958=DIRECTION('',(0.,0.,1.));
#1959=DIRECTION('center_axis',(0.,0.,1.));
#1960=DIRECTION('ref_axis',(1.,0.,0.));
#1961=DIRECTION('center_axis',(-1.,0.,0.));
#1962=DIRECTION('ref_axis',(0.,-1.,0.));
#1963=DIRECTION('',(0.,0.,-1.));
#1964=DIRECTION('',(0.,0.,1.));
#1965=DIRECTION('center_axis',(0.,-1.,0.));
#1966=DIRECTION('ref_axis',(1.,0.,0.));
#1967=DIRECTION('',(0.,0.,1.));
#1968=DIRECTION('center_axis',(1.,0.,0.));
#1969=DIRECTION('ref_axis',(0.,1.,0.));
#1970=DIRECTION('',(0.,0.,1.));
#1971=DIRECTION('center_axis',(0.,1.,0.));
#1972=DIRECTION('ref_axis',(-1.,0.,0.));
#1973=DIRECTION('center_axis',(1.,0.,0.));
#1974=DIRECTION('ref_axis',(0.,1.,0.));
#1975=CARTESIAN_POINT('',(0.,0.,0.));
#1976=CARTESIAN_POINT('Origin',(80.0000011920929,52.0000007748604,4.));
#1977=CARTESIAN_POINT('',(78.3000011920929,52.0000007748604,3.));
#1978=CARTESIAN_POINT('Origin',(80.0000011920929,52.0000007748604,3.));
#1979=CARTESIAN_POINT('',(78.3000011920929,52.0000007748604,4.));
#1980=CARTESIAN_POINT('',(78.3000011920929,52.0000007748604,4.));
#1981=CARTESIAN_POINT('Origin',(80.0000011920929,52.0000007748604,4.));
#1982=CARTESIAN_POINT('Origin',(80.0000011920929,52.0000007748604,3.));
#1983=CARTESIAN_POINT('',(77.6500011920929,52.0000007748604,3.));
#1984=CARTESIAN_POINT('Origin',(80.,52.,3.));
#1985=CARTESIAN_POINT('Origin',(5.,74.5,4.));
#1986=CARTESIAN_POINT('',(3.3,74.5,3.));
#1987=CARTESIAN_POINT('Origin',(5.,74.5,3.));
#1988=CARTESIAN_POINT('',(3.3,74.5,4.));
#1989=CARTESIAN_POINT('',(3.3,74.5,4.));
#1990=CARTESIAN_POINT('Origin',(5.,74.5,4.));
#1991=CARTESIAN_POINT('Origin',(5.,74.5,3.));
#1992=CARTESIAN_POINT('',(2.65,74.5,3.));
#1993=CARTESIAN_POINT('Origin',(5.,74.5,3.));
#1994=CARTESIAN_POINT('Origin',(90.0000013411045,5.50000008195639,4.));
#1995=CARTESIAN_POINT('',(88.3000013411045,5.50000008195639,3.));
#1996=CARTESIAN_POINT('Origin',(90.0000013411045,5.50000008195639,3.));
#1997=CARTESIAN_POINT('',(88.3000013411045,5.50000008195639,4.));
#1998=CARTESIAN_POINT('',(88.3000013411045,5.50000008195639,4.));
#1999=CARTESIAN_POINT('Origin',(90.0000013411045,5.50000008195639,4.));
#2000=CARTESIAN_POINT('Origin',(90.0000013411045,5.50000008195639,3.));
#2001=CARTESIAN_POINT('',(87.6500013411045,5.50000008195639,3.));
#2002=CARTESIAN_POINT('Origin',(90.,5.5,3.));
#2003=CARTESIAN_POINT('Origin',(4.99999988824129,5.49999987706542,4.));
#2004=CARTESIAN_POINT('',(3.29999988824129,5.49999987706542,3.));
#2005=CARTESIAN_POINT('Origin',(4.99999988824129,5.49999987706542,3.));
#2006=CARTESIAN_POINT('',(3.29999988824129,5.49999987706542,4.));
#2007=CARTESIAN_POINT('',(3.29999988824129,5.49999987706542,4.));
#2008=CARTESIAN_POINT('Origin',(4.99999988824129,5.49999987706542,4.));
#2009=CARTESIAN_POINT('Origin',(4.99999988824129,5.49999987706542,3.));
#2010=CARTESIAN_POINT('',(2.64999988824129,5.49999987706542,3.));
#2011=CARTESIAN_POINT('Origin',(5.,5.5,3.));
#2012=CARTESIAN_POINT('Origin',(47.75,39.75,-1.));
#2013=CARTESIAN_POINT('',(95.7,56.2,-1.));
#2014=CARTESIAN_POINT('',(95.7,89.7,-1.));
#2015=CARTESIAN_POINT('',(95.7,79.7,-1.));
#2016=CARTESIAN_POINT('',(100.7,89.7,-1.));
#2017=CARTESIAN_POINT('',(100.7,89.7,-1.));
#2018=CARTESIAN_POINT('',(105.7,84.7,-1.));
#2019=CARTESIAN_POINT('Origin',(100.7,84.7,-1.));
#2020=CARTESIAN_POINT('',(105.7,-5.2,-1.));
#2021=CARTESIAN_POINT('',(105.7,-5.2,-1.));
#2022=CARTESIAN_POINT('',(100.7,-10.2,-1.));
#2023=CARTESIAN_POINT('Origin',(100.7,-5.2,-1.));
#2024=CARTESIAN_POINT('',(-5.2,-10.2,-1.));
#2025=CARTESIAN_POINT('',(-5.2,-10.2,-1.));
#2026=CARTESIAN_POINT('',(-10.2,-5.2,-1.));
#2027=CARTESIAN_POINT('Origin',(-5.2,-5.2,-1.));
#2028=CARTESIAN_POINT('',(-10.2,84.7,-1.));
#2029=CARTESIAN_POINT('',(-10.2,84.7,-1.));
#2030=CARTESIAN_POINT('',(-5.2,89.7,-1.));
#2031=CARTESIAN_POINT('Origin',(-5.2,84.7,-1.));
#2032=CARTESIAN_POINT('',(71.1,89.7,-1.));
#2033=CARTESIAN_POINT('',(100.7,89.7,-1.));
#2034=CARTESIAN_POINT('',(71.1,56.2,-1.));
#2035=CARTESIAN_POINT('',(71.1,48.975,-1.));
#2036=CARTESIAN_POINT('',(71.625,56.2,-1.));
#2037=CARTESIAN_POINT('',(68.27,76.8,-1.));
#2038=CARTESIAN_POINT('',(28.57,76.8,-1.));
#2039=CARTESIAN_POINT('',(38.51,76.8,-1.));
#2040=CARTESIAN_POINT('',(28.57,63.75,-1.));
#2041=CARTESIAN_POINT('',(28.57,52.1,-1.));
#2042=CARTESIAN_POINT('',(68.27,63.75,-1.));
#2043=CARTESIAN_POINT('',(57.66,63.75,-1.));
#2044=CARTESIAN_POINT('',(68.27,58.15,-1.));
#2045=CARTESIAN_POINT('',(-3.5,-5.2,-1.));
#2046=CARTESIAN_POINT('Origin',(-5.2,-5.2,-1.));
#2047=CARTESIAN_POINT('',(102.4,-5.2,-1.));
#2048=CARTESIAN_POINT('Origin',(100.7,-5.2,-1.));
#2049=CARTESIAN_POINT('',(-3.50000000000001,84.7,-1.));
#2050=CARTESIAN_POINT('Origin',(-5.2,84.7,-1.));
#2051=CARTESIAN_POINT('',(102.4,84.7,-1.));
#2052=CARTESIAN_POINT('Origin',(100.7,84.7,-1.));
#2053=CARTESIAN_POINT('',(10.3,63.175,-1.));
#2054=CARTESIAN_POINT('',(28.2,63.175,-1.));
#2055=CARTESIAN_POINT('',(28.2,63.175,-1.));
#2056=CARTESIAN_POINT('',(28.2,77.8,-1.));
#2057=CARTESIAN_POINT('',(28.2,77.8,-1.));
#2058=CARTESIAN_POINT('',(10.3,77.8,-1.));
#2059=CARTESIAN_POINT('',(10.3,77.8,-1.));
#2060=CARTESIAN_POINT('',(10.3,63.175,-1.));
#2061=CARTESIAN_POINT('',(2.65,74.5,-1.));
#2062=CARTESIAN_POINT('Origin',(5.,74.5,-1.));
#2063=CARTESIAN_POINT('',(77.65,52.,-1.));
#2064=CARTESIAN_POINT('Origin',(80.,52.,-1.));
#2065=CARTESIAN_POINT('',(2.65,5.5,-1.));
#2066=CARTESIAN_POINT('Origin',(5.,5.5,-1.));
#2067=CARTESIAN_POINT('',(87.65,5.5,-1.));
#2068=CARTESIAN_POINT('Origin',(90.,5.5,-1.));
#2069=CARTESIAN_POINT('',(9.77500000000001,61.675,-1.));
#2070=CARTESIAN_POINT('',(9.775,3.325,-1.));
#2071=CARTESIAN_POINT('',(9.775,50.6125,-1.));
#2072=CARTESIAN_POINT('',(68.125,3.325,-1.));
#2073=CARTESIAN_POINT('',(57.8375,3.325,-1.));
#2074=CARTESIAN_POINT('',(68.125,61.675,-1.));
#2075=CARTESIAN_POINT('',(68.125,50.6125,-1.));
#2076=CARTESIAN_POINT('',(28.9625,61.675,-1.));
#2077=CARTESIAN_POINT('Origin',(78.4395348954092,23.8963492194674,0.));
#2078=CARTESIAN_POINT('',(75.4178201126943,23.8963492194674,5.));
#2079=CARTESIAN_POINT('',(78.4395348954092,23.8963492194674,5.));
#2080=CARTESIAN_POINT('',(63.0947674477046,23.8963492194674,5.));
#2081=CARTESIAN_POINT('',(75.4178201126943,23.8963492194674,7.));
#2082=CARTESIAN_POINT('',(75.4178201126943,23.8963492194674,0.));
#2083=CARTESIAN_POINT('',(78.4395348954092,23.8963492194674,7.));
#2084=CARTESIAN_POINT('',(78.4395348954092,23.8963492194674,7.));
#2085=CARTESIAN_POINT('',(78.4395348954092,23.8963492194674,0.));
#2086=CARTESIAN_POINT('Ctrl Pts',(75.4178201126943,23.8963492194674,0.));
#2087=CARTESIAN_POINT('Ctrl Pts',(75.4178201126943,23.8963492194674,7.));
#2088=CARTESIAN_POINT('Ctrl Pts',(74.6022529689362,23.8963492194674,0.));
#2089=CARTESIAN_POINT('Ctrl Pts',(74.6022529689362,23.8963492194674,7.));
#2090=CARTESIAN_POINT('Ctrl Pts',(74.094774254947,24.8859528978529,0.));
#2091=CARTESIAN_POINT('Ctrl Pts',(74.094774254947,24.8859528978529,7.));
#2092=CARTESIAN_POINT('Ctrl Pts',(74.5083633510163,25.5908194343112,0.));
#2093=CARTESIAN_POINT('Ctrl Pts',(74.5083633510163,25.5908194343112,7.));
#2094=CARTESIAN_POINT('',(74.5083633510163,25.5908194343112,5.));
#2095=CARTESIAN_POINT('Ctrl Pts',(74.5083633510163,25.5908194343112,5.));
#2096=CARTESIAN_POINT('Ctrl Pts',(74.094774254947,24.8859528978529,5.));
#2097=CARTESIAN_POINT('Ctrl Pts',(74.6022529689362,23.8963492194674,5.));
#2098=CARTESIAN_POINT('Ctrl Pts',(75.4178201126943,23.8963492194674,5.));
#2099=CARTESIAN_POINT('',(74.5083633510163,25.5908194343112,7.));
#2100=CARTESIAN_POINT('',(74.5083633510163,25.5908194343112,0.));
#2101=CARTESIAN_POINT('Ctrl Pts',(75.4178201126943,23.8963492194674,7.));
#2102=CARTESIAN_POINT('Ctrl Pts',(74.6022529689362,23.8963492194674,7.));
#2103=CARTESIAN_POINT('Ctrl Pts',(74.094774254947,24.8859528978529,7.));
#2104=CARTESIAN_POINT('Ctrl Pts',(74.5083633510163,25.5908194343112,7.));
#2105=CARTESIAN_POINT('Ctrl Pts',(91.6109854467601,28.2325186530612,0.));
#2106=CARTESIAN_POINT('Ctrl Pts',(91.6109854467601,28.2325186530612,7.));
#2107=CARTESIAN_POINT('Ctrl Pts',(92.2165847865632,32.2539786139987,0.));
#2108=CARTESIAN_POINT('Ctrl Pts',(92.2165847865632,32.2539786139987,7.));
#2109=CARTESIAN_POINT('Ctrl Pts',(89.6380115596344,35.7834789395195,0.));
#2110=CARTESIAN_POINT('Ctrl Pts',(89.6380115596344,35.7834789395195,7.));
#2111=CARTESIAN_POINT('Ctrl Pts',(85.9948553808421,36.6134024421237,0.));
#2112=CARTESIAN_POINT('Ctrl Pts',(85.9948553808421,36.6134024421237,7.));
#2113=CARTESIAN_POINT('',(85.9948553808421,36.6134024421237,5.));
#2114=CARTESIAN_POINT('',(91.6109854467601,28.2325186530612,5.));
#2115=CARTESIAN_POINT('Ctrl Pts',(85.9948553808421,36.6134024421237,5.));
#2116=CARTESIAN_POINT('Ctrl Pts',(89.6380115596344,35.7834789395195,5.));
#2117=CARTESIAN_POINT('Ctrl Pts',(92.2165847865632,32.2539786139987,5.));
#2118=CARTESIAN_POINT('Ctrl Pts',(91.6109854467601,28.2325186530612,5.));
#2119=CARTESIAN_POINT('',(85.9948553808421,36.6134024421237,7.));
#2120=CARTESIAN_POINT('',(85.9948553808421,36.6134024421237,0.));
#2121=CARTESIAN_POINT('',(91.6109854467601,28.2325186530612,7.));
#2122=CARTESIAN_POINT('Ctrl Pts',(91.6109854467601,28.2325186530612,7.));
#2123=CARTESIAN_POINT('Ctrl Pts',(92.2165847865632,32.2539786139987,7.));
#2124=CARTESIAN_POINT('Ctrl Pts',(89.6380115596344,35.7834789395195,7.));
#2125=CARTESIAN_POINT('Ctrl Pts',(85.9948553808421,36.6134024421237,7.));
#2126=CARTESIAN_POINT('',(91.6109854467601,28.2325186530612,0.));
#2127=CARTESIAN_POINT('Ctrl Pts',(85.9948553808421,36.6134024421237,0.));
#2128=CARTESIAN_POINT('Ctrl Pts',(85.9948553808421,36.6134024421237,7.));
#2129=CARTESIAN_POINT('Ctrl Pts',(82.5996653326244,37.3869986335299,0.));
#2130=CARTESIAN_POINT('Ctrl Pts',(82.5996653326244,37.3869986335299,7.));
#2131=CARTESIAN_POINT('Ctrl Pts',(79.1179334092031,35.030036556707,0.));
#2132=CARTESIAN_POINT('Ctrl Pts',(79.1179334092031,35.030036556707,7.));
#2133=CARTESIAN_POINT('Ctrl Pts',(79.0968429652741,31.5377432624362,0.));
#2134=CARTESIAN_POINT('Ctrl Pts',(79.0968429652741,31.5377432624362,7.));
#2135=CARTESIAN_POINT('',(79.0968429652741,31.5377432624362,5.));
#2136=CARTESIAN_POINT('Ctrl Pts',(79.0968429652741,31.5377432624362,5.));
#2137=CARTESIAN_POINT('Ctrl Pts',(79.1179334092031,35.030036556707,5.));
#2138=CARTESIAN_POINT('Ctrl Pts',(82.5996653326244,37.3869986335299,5.));
#2139=CARTESIAN_POINT('Ctrl Pts',(85.9948553808421,36.6134024421237,5.));
#2140=CARTESIAN_POINT('',(79.0968429652741,31.5377432624362,7.));
#2141=CARTESIAN_POINT('',(79.0968429652741,31.5377432624362,0.));
#2142=CARTESIAN_POINT('Ctrl Pts',(85.9948553808421,36.6134024421237,7.));
#2143=CARTESIAN_POINT('Ctrl Pts',(82.5996653326244,37.3869986335299,7.));
#2144=CARTESIAN_POINT('Ctrl Pts',(79.1179334092031,35.030036556707,7.));
#2145=CARTESIAN_POINT('Ctrl Pts',(79.0968429652741,31.5377432624362,7.));
#2146=CARTESIAN_POINT('Ctrl Pts',(79.0968429652741,31.5377432624362,0.));
#2147=CARTESIAN_POINT('Ctrl Pts',(79.0968429652741,31.5377432624362,7.));
#2148=CARTESIAN_POINT('Ctrl Pts',(79.0820667354157,28.903278744207,0.));
#2149=CARTESIAN_POINT('Ctrl Pts',(79.0820667354157,28.903278744207,7.));
#2150=CARTESIAN_POINT('Ctrl Pts',(80.9949021744619,26.7127147793633,0.));
#2151=CARTESIAN_POINT('Ctrl Pts',(80.9949021744619,26.7127147793633,7.));
#2152=CARTESIAN_POINT('Ctrl Pts',(83.497527194807,26.2884512702487,0.));
#2153=CARTESIAN_POINT('Ctrl Pts',(83.497527194807,26.2884512702487,7.));
#2154=CARTESIAN_POINT('',(83.497527194807,26.2884512702487,5.));
#2155=CARTESIAN_POINT('Ctrl Pts',(83.497527194807,26.2884512702487,5.));
#2156=CARTESIAN_POINT('Ctrl Pts',(80.9949021744619,26.7127147793633,5.));
#2157=CARTESIAN_POINT('Ctrl Pts',(79.0820667354157,28.903278744207,5.));
#2158=CARTESIAN_POINT('Ctrl Pts',(79.0968429652741,31.5377432624362,5.));
#2159=CARTESIAN_POINT('',(83.497527194807,26.2884512702487,7.));
#2160=CARTESIAN_POINT('',(83.497527194807,26.2884512702487,0.));
#2161=CARTESIAN_POINT('Ctrl Pts',(79.0968429652741,31.5377432624362,7.));
#2162=CARTESIAN_POINT('Ctrl Pts',(79.0820667354157,28.903278744207,7.));
#2163=CARTESIAN_POINT('Ctrl Pts',(80.9949021744619,26.7127147793633,7.));
#2164=CARTESIAN_POINT('Ctrl Pts',(83.497527194807,26.2884512702487,7.));
#2165=CARTESIAN_POINT('Ctrl Pts',(83.497527194807,26.2884512702487,0.));
#2166=CARTESIAN_POINT('Ctrl Pts',(83.497527194807,26.2884512702487,7.));
#2167=CARTESIAN_POINT('Ctrl Pts',(85.3924212225169,25.9675406257174,0.));
#2168=CARTESIAN_POINT('Ctrl Pts',(85.3924212225169,25.9675406257174,7.));
#2169=CARTESIAN_POINT('Ctrl Pts',(87.333743294864,27.1287100593112,0.));
#2170=CARTESIAN_POINT('Ctrl Pts',(87.333743294864,27.1287100593112,7.));
#2171=CARTESIAN_POINT('Ctrl Pts',(87.5341994055003,29.0453889330091,0.));
#2172=CARTESIAN_POINT('Ctrl Pts',(87.5341994055003,29.0453889330091,7.));
#2173=CARTESIAN_POINT('',(87.5341994055003,29.0453889330091,5.));
#2174=CARTESIAN_POINT('Ctrl Pts',(87.5341994055003,29.0453889330091,5.));
#2175=CARTESIAN_POINT('Ctrl Pts',(87.333743294864,27.1287100593112,5.));
#2176=CARTESIAN_POINT('Ctrl Pts',(85.3924212225169,25.9675406257174,5.));
#2177=CARTESIAN_POINT('Ctrl Pts',(83.497527194807,26.2884512702487,5.));
#2178=CARTESIAN_POINT('',(87.5341994055003,29.0453889330091,7.));
#2179=CARTESIAN_POINT('',(87.5341994055003,29.0453889330091,0.));
#2180=CARTESIAN_POINT('Ctrl Pts',(83.497527194807,26.2884512702487,7.));
#2181=CARTESIAN_POINT('Ctrl Pts',(85.3924212225169,25.9675406257174,7.));
#2182=CARTESIAN_POINT('Ctrl Pts',(87.333743294864,27.1287100593112,7.));
#2183=CARTESIAN_POINT('Ctrl Pts',(87.5341994055003,29.0453889330091,7.));
#2184=CARTESIAN_POINT('Ctrl Pts',(87.5341994055003,29.0453889330091,0.));
#2185=CARTESIAN_POINT('Ctrl Pts',(87.5341994055003,29.0453889330091,7.));
#2186=CARTESIAN_POINT('Ctrl Pts',(87.7346716650218,30.9532828132174,0.));
#2187=CARTESIAN_POINT('Ctrl Pts',(87.7346716650218,30.9532828132174,7.));
#2188=CARTESIAN_POINT('Ctrl Pts',(86.2512350805492,32.5640372077487,0.));
#2189=CARTESIAN_POINT('Ctrl Pts',(86.2512350805492,32.5640372077487,7.));
#2190=CARTESIAN_POINT('Ctrl Pts',(84.3901083715648,32.5640372077487,0.));
#2191=CARTESIAN_POINT('Ctrl Pts',(84.3901083715648,32.5640372077487,7.));
#2192=CARTESIAN_POINT('',(84.3901083715648,32.5640372077487,5.));
#2193=CARTESIAN_POINT('Ctrl Pts',(84.3901083715648,32.5640372077487,5.));
#2194=CARTESIAN_POINT('Ctrl Pts',(86.2512350805492,32.5640372077487,5.));
#2195=CARTESIAN_POINT('Ctrl Pts',(87.7346716650218,30.9532828132174,5.));
#2196=CARTESIAN_POINT('Ctrl Pts',(87.5341994055003,29.0453889330091,5.));
#2197=CARTESIAN_POINT('',(84.3901083715648,32.5640372077487,7.));
#2198=CARTESIAN_POINT('',(84.3901083715648,32.5640372077487,0.));
#2199=CARTESIAN_POINT('Ctrl Pts',(87.5341994055003,29.0453889330091,7.));
#2200=CARTESIAN_POINT('Ctrl Pts',(87.7346716650218,30.9532828132174,7.));
#2201=CARTESIAN_POINT('Ctrl Pts',(86.2512350805492,32.5640372077487,7.));
#2202=CARTESIAN_POINT('Ctrl Pts',(84.3901083715648,32.5640372077487,7.));
#2203=CARTESIAN_POINT('Ctrl Pts',(84.3901083715648,32.5640372077487,0.));
#2204=CARTESIAN_POINT('Ctrl Pts',(84.3901083715648,32.5640372077487,7.));
#2205=CARTESIAN_POINT('Ctrl Pts',(83.8077149796377,32.5640372077487,0.));
#2206=CARTESIAN_POINT('Ctrl Pts',(83.8077149796377,32.5640372077487,7.));
#2207=CARTESIAN_POINT('Ctrl Pts',(83.3361029394359,32.0911978522799,0.));
#2208=CARTESIAN_POINT('Ctrl Pts',(83.3361029394359,32.0911978522799,7.));
#2209=CARTESIAN_POINT('Ctrl Pts',(83.3361029394359,31.5057038744154,0.));
#2210=CARTESIAN_POINT('Ctrl Pts',(83.3361029394359,31.5057038744154,7.));
#2211=CARTESIAN_POINT('',(83.3361029394359,31.5057038744154,5.));
#2212=CARTESIAN_POINT('Ctrl Pts',(83.3361029394359,31.5057038744154,5.));
#2213=CARTESIAN_POINT('Ctrl Pts',(83.3361029394359,32.0911978522799,5.));
#2214=CARTESIAN_POINT('Ctrl Pts',(83.8077149796377,32.5640372077487,5.));
#2215=CARTESIAN_POINT('Ctrl Pts',(84.3901083715648,32.5640372077487,5.));
#2216=CARTESIAN_POINT('',(83.3361029394359,31.5057038744154,7.));
#2217=CARTESIAN_POINT('',(83.3361029394359,31.5057038744154,0.));
#2218=CARTESIAN_POINT('Ctrl Pts',(84.3901083715648,32.5640372077487,7.));
#2219=CARTESIAN_POINT('Ctrl Pts',(83.8077149796377,32.5640372077487,7.));
#2220=CARTESIAN_POINT('Ctrl Pts',(83.3361029394359,32.0911978522799,7.));
#2221=CARTESIAN_POINT('Ctrl Pts',(83.3361029394359,31.5057038744154,7.));
#2222=CARTESIAN_POINT('Ctrl Pts',(83.3361029394359,31.5057038744154,0.));
#2223=CARTESIAN_POINT('Ctrl Pts',(83.3361029394359,31.5057038744154,7.));
#2224=CARTESIAN_POINT('Ctrl Pts',(83.3361029394359,30.9217601895195,0.));
#2225=CARTESIAN_POINT('Ctrl Pts',(83.3361029394359,30.9217601895195,7.));
#2226=CARTESIAN_POINT('Ctrl Pts',(83.8087646571686,30.447370541082,0.));
#2227=CARTESIAN_POINT('Ctrl Pts',(83.8087646571686,30.447370541082,7.));
#2228=CARTESIAN_POINT('Ctrl Pts',(84.3922077266266,30.447370541082,0.));
#2229=CARTESIAN_POINT('Ctrl Pts',(84.3922077266266,30.447370541082,7.));
#2230=CARTESIAN_POINT('',(84.3922077266266,30.447370541082,5.));
#2231=CARTESIAN_POINT('Ctrl Pts',(84.3922077266266,30.447370541082,5.));
#2232=CARTESIAN_POINT('Ctrl Pts',(83.8087646571686,30.447370541082,5.));
#2233=CARTESIAN_POINT('Ctrl Pts',(83.3361029394359,30.9217601895195,5.));
#2234=CARTESIAN_POINT('Ctrl Pts',(83.3361029394359,31.5057038744154,5.));
#2235=CARTESIAN_POINT('',(84.3922077266266,30.447370541082,7.));
#2236=CARTESIAN_POINT('',(84.3922077266266,30.447370541082,0.));
#2237=CARTESIAN_POINT('Ctrl Pts',(83.3361029394359,31.5057038744154,7.));
#2238=CARTESIAN_POINT('Ctrl Pts',(83.3361029394359,30.9217601895195,7.));
#2239=CARTESIAN_POINT('Ctrl Pts',(83.8087646571686,30.447370541082,7.));
#2240=CARTESIAN_POINT('Ctrl Pts',(84.3922077266266,30.447370541082,7.));
#2241=CARTESIAN_POINT('Ctrl Pts',(84.3922077266266,30.447370541082,0.));
#2242=CARTESIAN_POINT('Ctrl Pts',(84.3922077266266,30.447370541082,7.));
#2243=CARTESIAN_POINT('Ctrl Pts',(84.9746172674388,30.447370541082,0.));
#2244=CARTESIAN_POINT('Ctrl Pts',(84.9746172674388,30.447370541082,7.));
#2245=CARTESIAN_POINT('Ctrl Pts',(85.4472789851716,29.9745311856133,0.));
#2246=CARTESIAN_POINT('Ctrl Pts',(85.4472789851716,29.9745311856133,7.));
#2247=CARTESIAN_POINT('Ctrl Pts',(85.4472789851716,29.3890372077487,0.));
#2248=CARTESIAN_POINT('Ctrl Pts',(85.4472789851716,29.3890372077487,7.));
#2249=CARTESIAN_POINT('',(85.4472789851716,29.3890372077487,5.));
#2250=CARTESIAN_POINT('Ctrl Pts',(85.4472789851716,29.3890372077487,5.));
#2251=CARTESIAN_POINT('Ctrl Pts',(85.4472789851716,29.9745311856133,5.));
#2252=CARTESIAN_POINT('Ctrl Pts',(84.9746172674388,30.447370541082,5.));
#2253=CARTESIAN_POINT('Ctrl Pts',(84.3922077266266,30.447370541082,5.));
#2254=CARTESIAN_POINT('',(85.4472789851716,29.3890372077487,7.));
#2255=CARTESIAN_POINT('',(85.4472789851716,29.3890372077487,0.));
#2256=CARTESIAN_POINT('Ctrl Pts',(84.3922077266266,30.447370541082,7.));
#2257=CARTESIAN_POINT('Ctrl Pts',(84.9746172674388,30.447370541082,7.));
#2258=CARTESIAN_POINT('Ctrl Pts',(85.4472789851716,29.9745311856133,7.));
#2259=CARTESIAN_POINT('Ctrl Pts',(85.4472789851716,29.3890372077487,7.));
#2260=CARTESIAN_POINT('Ctrl Pts',(85.4472789851716,29.3890372077487,0.));
#2261=CARTESIAN_POINT('Ctrl Pts',(85.4472789851716,29.3890372077487,7.));
#2262=CARTESIAN_POINT('Ctrl Pts',(85.4472789851716,28.8050935228529,0.));
#2263=CARTESIAN_POINT('Ctrl Pts',(85.4472789851716,28.8050935228529,7.));
#2264=CARTESIAN_POINT('Ctrl Pts',(84.9746172674388,28.3307038744154,0.));
#2265=CARTESIAN_POINT('Ctrl Pts',(84.9746172674388,28.3307038744154,7.));
#2266=CARTESIAN_POINT('Ctrl Pts',(84.3922077266266,28.3307038744154,0.));
#2267=CARTESIAN_POINT('Ctrl Pts',(84.3922077266266,28.3307038744154,7.));
#2268=CARTESIAN_POINT('',(84.3922077266266,28.3307038744154,5.));
#2269=CARTESIAN_POINT('Ctrl Pts',(84.3922077266266,28.3307038744154,5.));
#2270=CARTESIAN_POINT('Ctrl Pts',(84.9746172674388,28.3307038744154,5.));
#2271=CARTESIAN_POINT('Ctrl Pts',(85.4472789851716,28.8050935228529,5.));
#2272=CARTESIAN_POINT('Ctrl Pts',(85.4472789851716,29.3890372077487,5.));
#2273=CARTESIAN_POINT('',(84.3922077266266,28.3307038744154,7.));
#2274=CARTESIAN_POINT('',(84.3922077266266,28.3307038744154,0.));
#2275=CARTESIAN_POINT('Ctrl Pts',(85.4472789851716,29.3890372077487,7.));
#2276=CARTESIAN_POINT('Ctrl Pts',(85.4472789851716,28.8050935228529,7.));
#2277=CARTESIAN_POINT('Ctrl Pts',(84.9746172674388,28.3307038744154,7.));
#2278=CARTESIAN_POINT('Ctrl Pts',(84.3922077266266,28.3307038744154,7.));
#2279=CARTESIAN_POINT('Ctrl Pts',(84.3922077266266,28.3307038744154,0.));
#2280=CARTESIAN_POINT('Ctrl Pts',(84.3922077266266,28.3307038744154,7.));
#2281=CARTESIAN_POINT('Ctrl Pts',(82.5310810176423,28.3307038744154,0.));
#2282=CARTESIAN_POINT('Ctrl Pts',(82.5310810176423,28.3307038744154,7.));
#2283=CARTESIAN_POINT('Ctrl Pts',(81.0455450781078,29.9424917975924,0.));
#2284=CARTESIAN_POINT('Ctrl Pts',(81.0455450781078,29.9424917975924,7.));
#2285=CARTESIAN_POINT('Ctrl Pts',(81.2449515112132,31.8498689134779,0.));
#2286=CARTESIAN_POINT('Ctrl Pts',(81.2449515112132,31.8498689134779,7.));
#2287=CARTESIAN_POINT('',(81.2449515112132,31.8498689134779,5.));
#2288=CARTESIAN_POINT('Ctrl Pts',(81.2449515112132,31.8498689134779,5.));
#2289=CARTESIAN_POINT('Ctrl Pts',(81.0455450781078,29.9424917975924,5.));
#2290=CARTESIAN_POINT('Ctrl Pts',(82.5310810176423,28.3307038744154,5.));
#2291=CARTESIAN_POINT('Ctrl Pts',(84.3922077266266,28.3307038744154,5.));
#2292=CARTESIAN_POINT('',(81.2449515112132,31.8498689134779,7.));
#2293=CARTESIAN_POINT('',(81.2449515112132,31.8498689134779,0.));
#2294=CARTESIAN_POINT('Ctrl Pts',(84.3922077266266,28.3307038744154,7.));
#2295=CARTESIAN_POINT('Ctrl Pts',(82.5310810176423,28.3307038744154,7.));
#2296=CARTESIAN_POINT('Ctrl Pts',(81.0455450781078,29.9424917975924,7.));
#2297=CARTESIAN_POINT('Ctrl Pts',(81.2449515112132,31.8498689134779,7.));
#2298=CARTESIAN_POINT('Ctrl Pts',(81.2449515112132,31.8498689134779,0.));
#2299=CARTESIAN_POINT('Ctrl Pts',(81.2449515112132,31.8498689134779,7.));
#2300=CARTESIAN_POINT('Ctrl Pts',(81.4464734482656,33.7675813158216,0.));
#2301=CARTESIAN_POINT('Ctrl Pts',(81.4464734482656,33.7675813158216,7.));
#2302=CARTESIAN_POINT('Ctrl Pts',(83.3825148351878,34.9282339850924,0.));
#2303=CARTESIAN_POINT('Ctrl Pts',(83.3825148351878,34.9282339850924,7.));
#2304=CARTESIAN_POINT('Ctrl Pts',(85.2774088628978,34.6068065762383,0.));
#2305=CARTESIAN_POINT('Ctrl Pts',(85.2774088628978,34.6068065762383,7.));
#2306=CARTESIAN_POINT('',(85.2774088628978,34.6068065762383,5.));
#2307=CARTESIAN_POINT('Ctrl Pts',(85.2774088628978,34.6068065762383,5.));
#2308=CARTESIAN_POINT('Ctrl Pts',(83.3825148351878,34.9282339850924,5.));
#2309=CARTESIAN_POINT('Ctrl Pts',(81.4464734482656,33.7675813158216,5.));
#2310=CARTESIAN_POINT('Ctrl Pts',(81.2449515112132,31.8498689134779,5.));
#2311=CARTESIAN_POINT('',(85.2774088628978,34.6068065762383,7.));
#2312=CARTESIAN_POINT('',(85.2774088628978,34.6068065762383,0.));
#2313=CARTESIAN_POINT('Ctrl Pts',(81.2449515112132,31.8498689134779,7.));
#2314=CARTESIAN_POINT('Ctrl Pts',(81.4464734482656,33.7675813158216,7.));
#2315=CARTESIAN_POINT('Ctrl Pts',(83.3825148351878,34.9282339850924,7.));
#2316=CARTESIAN_POINT('Ctrl Pts',(85.2774088628978,34.6068065762383,7.));
#2317=CARTESIAN_POINT('Ctrl Pts',(85.2774088628978,34.6068065762383,0.));
#2318=CARTESIAN_POINT('Ctrl Pts',(85.2774088628978,34.6068065762383,7.));
#2319=CARTESIAN_POINT('Ctrl Pts',(87.7800338832429,34.1825430671237,0.));
#2320=CARTESIAN_POINT('Ctrl Pts',(87.7800338832429,34.1825430671237,7.));
#2321=CARTESIAN_POINT('Ctrl Pts',(89.6823241003246,31.991462337957,0.));
#2322=CARTESIAN_POINT('Ctrl Pts',(89.6823241003246,31.991462337957,7.));
#2323=CARTESIAN_POINT('Ctrl Pts',(89.6675478704662,29.3585481126966,0.));
#2324=CARTESIAN_POINT('Ctrl Pts',(89.6675478704662,29.3585481126966,7.));
#2325=CARTESIAN_POINT('',(89.6675478704662,29.3585481126966,5.));
#2326=CARTESIAN_POINT('Ctrl Pts',(89.6675478704662,29.3585481126966,5.));
#2327=CARTESIAN_POINT('Ctrl Pts',(89.6823241003246,31.991462337957,5.));
#2328=CARTESIAN_POINT('Ctrl Pts',(87.7800338832429,34.1825430671237,5.));
#2329=CARTESIAN_POINT('Ctrl Pts',(85.2774088628978,34.6068065762383,5.));
#2330=CARTESIAN_POINT('',(89.6675478704662,29.3585481126966,7.));
#2331=CARTESIAN_POINT('',(89.6675478704662,29.3585481126966,0.));
#2332=CARTESIAN_POINT('Ctrl Pts',(85.2774088628978,34.6068065762383,7.));
#2333=CARTESIAN_POINT('Ctrl Pts',(87.7800338832429,34.1825430671237,7.));
#2334=CARTESIAN_POINT('Ctrl Pts',(89.6823241003246,31.991462337957,7.));
#2335=CARTESIAN_POINT('Ctrl Pts',(89.6675478704662,29.3585481126966,7.));
#2336=CARTESIAN_POINT('Ctrl Pts',(89.6675478704662,29.3585481126966,0.));
#2337=CARTESIAN_POINT('Ctrl Pts',(89.6675478704662,29.3585481126966,7.));
#2338=CARTESIAN_POINT('Ctrl Pts',(89.647507104068,25.9261994798841,0.));
#2339=CARTESIAN_POINT('Ctrl Pts',(89.647507104068,25.9261994798841,7.));
#2340=CARTESIAN_POINT('Ctrl Pts',(86.2459705440095,23.557868587957,0.));
#2341=CARTESIAN_POINT('Ctrl Pts',(86.2459705440095,23.557868587957,7.));
#2342=CARTESIAN_POINT('Ctrl Pts',(82.8950768875967,24.2498160163424,0.));
#2343=CARTESIAN_POINT('Ctrl Pts',(82.8950768875967,24.2498160163424,7.));
#2344=CARTESIAN_POINT('',(82.8950768875967,24.2498160163424,5.));
#2345=CARTESIAN_POINT('Ctrl Pts',(82.8950768875967,24.2498160163424,5.));
#2346=CARTESIAN_POINT('Ctrl Pts',(86.2459705440095,23.557868587957,5.));
#2347=CARTESIAN_POINT('Ctrl Pts',(89.647507104068,25.9261994798841,5.));
#2348=CARTESIAN_POINT('Ctrl Pts',(89.6675478704662,29.3585481126966,5.));
#2349=CARTESIAN_POINT('',(82.8950768875967,24.2498160163424,7.));
#2350=CARTESIAN_POINT('',(82.8950768875967,24.2498160163424,0.));
#2351=CARTESIAN_POINT('Ctrl Pts',(89.6675478704662,29.3585481126966,7.));
#2352=CARTESIAN_POINT('Ctrl Pts',(89.647507104068,25.9261994798841,7.));
#2353=CARTESIAN_POINT('Ctrl Pts',(86.2459705440095,23.557868587957,7.));
#2354=CARTESIAN_POINT('Ctrl Pts',(82.8950768875967,24.2498160163424,7.));
#2355=CARTESIAN_POINT('Ctrl Pts',(82.8950768875967,24.2498160163424,0.));
#2356=CARTESIAN_POINT('Ctrl Pts',(82.8950768875967,24.2498160163424,7.));
#2357=CARTESIAN_POINT('Ctrl Pts',(79.5336380092194,24.9443472663424,0.));
#2358=CARTESIAN_POINT('Ctrl Pts',(79.5336380092194,24.9443472663424,7.));
#2359=CARTESIAN_POINT('Ctrl Pts',(77.0067573634675,27.929694759832,0.));
#2360=CARTESIAN_POINT('Ctrl Pts',(77.0067573634675,27.929694759832,7.));
#2361=CARTESIAN_POINT('Ctrl Pts',(77.0067573634675,31.5057038744154,0.));
#2362=CARTESIAN_POINT('Ctrl Pts',(77.0067573634675,31.5057038744154,7.));
#2363=CARTESIAN_POINT('',(77.0067573634675,31.5057038744154,5.));
#2364=CARTESIAN_POINT('Ctrl Pts',(77.0067573634675,31.5057038744154,5.));
#2365=CARTESIAN_POINT('Ctrl Pts',(77.0067573634675,27.929694759832,5.));
#2366=CARTESIAN_POINT('Ctrl Pts',(79.5336380092194,24.9443472663424,5.));
#2367=CARTESIAN_POINT('Ctrl Pts',(82.8950768875967,24.2498160163424,5.));
#2368=CARTESIAN_POINT('',(77.0067573634675,31.5057038744154,7.));
#2369=CARTESIAN_POINT('',(77.0067573634675,31.5057038744154,0.));
#2370=CARTESIAN_POINT('Ctrl Pts',(82.8950768875967,24.2498160163424,7.));
#2371=CARTESIAN_POINT('Ctrl Pts',(79.5336380092194,24.9443472663424,7.));
#2372=CARTESIAN_POINT('Ctrl Pts',(77.0067573634675,27.929694759832,7.));
#2373=CARTESIAN_POINT('Ctrl Pts',(77.0067573634675,31.5057038744154,7.));
#2374=CARTESIAN_POINT('Ctrl Pts',(75.6889760422598,27.5591747403008,0.));
#2375=CARTESIAN_POINT('Ctrl Pts',(75.6889760422598,27.5591747403008,7.));
#2376=CARTESIAN_POINT('Ctrl Pts',(76.3051367529124,26.1411734382174,0.));
#2377=CARTESIAN_POINT('Ctrl Pts',(76.3051367529124,26.1411734382174,7.));
#2378=CARTESIAN_POINT('Ctrl Pts',(77.2546911962718,24.9546825528008,0.));
#2379=CARTESIAN_POINT('Ctrl Pts',(77.2546911962718,24.9546825528008,7.));
#2380=CARTESIAN_POINT('Ctrl Pts',(78.4395348954092,23.8963492194674,0.));
#2381=CARTESIAN_POINT('Ctrl Pts',(78.4395348954092,23.8963492194674,7.));
#2382=CARTESIAN_POINT('',(75.6889760422598,27.5591747403008,5.));
#2383=CARTESIAN_POINT('Ctrl Pts',(78.4395348954092,23.8963492194674,5.));
#2384=CARTESIAN_POINT('Ctrl Pts',(77.2546911962718,24.9546825528008,5.));
#2385=CARTESIAN_POINT('Ctrl Pts',(76.3051367529124,26.1411734382174,5.));
#2386=CARTESIAN_POINT('Ctrl Pts',(75.6889760422598,27.5591747403008,5.));
#2387=CARTESIAN_POINT('',(75.6889760422598,27.5591747403008,7.));
#2388=CARTESIAN_POINT('Ctrl Pts',(75.6889760422598,27.5591747403008,7.));
#2389=CARTESIAN_POINT('Ctrl Pts',(76.3051367529124,26.1411734382174,7.));
#2390=CARTESIAN_POINT('Ctrl Pts',(77.2546911962718,24.9546825528008,7.));
#2391=CARTESIAN_POINT('Ctrl Pts',(78.4395348954092,23.8963492194674,7.));
#2392=CARTESIAN_POINT('',(75.6889760422598,27.5591747403008,0.));
#2393=CARTESIAN_POINT('Origin',(74.5083633510163,25.5908194343112,0.));
#2394=CARTESIAN_POINT('',(74.0914314554966,24.8956972194906,5.));
#2395=CARTESIAN_POINT('',(74.5083633510163,25.5908194343112,7.));
#2396=CARTESIAN_POINT('Ctrl Pts',(84.1221176234772,21.7796825528008,0.));
#2397=CARTESIAN_POINT('Ctrl Pts',(84.1221176234772,21.7796825528008,7.));
#2398=CARTESIAN_POINT('Ctrl Pts',(88.3423865087718,21.7693472663425,0.));
#2399=CARTESIAN_POINT('Ctrl Pts',(88.3423865087718,21.7693472663425,7.));
#2400=CARTESIAN_POINT('Ctrl Pts',(91.051798002709,24.5273184577487,0.));
#2401=CARTESIAN_POINT('Ctrl Pts',(91.051798002709,24.5273184577487,7.));
#2402=CARTESIAN_POINT('Ctrl Pts',(91.6109854467601,28.2325186530612,0.));
#2403=CARTESIAN_POINT('Ctrl Pts',(91.6109854467601,28.2325186530612,7.));
#2404=CARTESIAN_POINT('',(84.1221176234772,21.7796825528008,5.));
#2405=CARTESIAN_POINT('Ctrl Pts',(91.6109854467601,28.2325186530612,5.));
#2406=CARTESIAN_POINT('Ctrl Pts',(91.051798002709,24.5273184577487,5.));
#2407=CARTESIAN_POINT('Ctrl Pts',(88.3423865087718,21.7693472663425,5.));
#2408=CARTESIAN_POINT('Ctrl Pts',(84.1221176234772,21.7796825528008,5.));
#2409=CARTESIAN_POINT('',(84.1221176234772,21.7796825528008,7.));
#2410=CARTESIAN_POINT('Ctrl Pts',(84.1221176234772,21.7796825528008,7.));
#2411=CARTESIAN_POINT('Ctrl Pts',(88.3423865087718,21.7693472663425,7.));
#2412=CARTESIAN_POINT('Ctrl Pts',(91.051798002709,24.5273184577487,7.));
#2413=CARTESIAN_POINT('Ctrl Pts',(91.6109854467601,28.2325186530612,7.));
#2414=CARTESIAN_POINT('',(84.1221176234772,21.7796825528008,0.));
#2415=CARTESIAN_POINT('Origin',(73.5746186661611,21.7796825528008,0.));
#2416=CARTESIAN_POINT('',(73.5746186661611,21.7796825528008,5.));
#2417=CARTESIAN_POINT('',(60.6623093330806,21.7796825528008,5.));
#2418=CARTESIAN_POINT('',(73.5746186661611,21.7796825528008,7.));
#2419=CARTESIAN_POINT('',(73.5746186661611,21.7796825528008,7.));
#2420=CARTESIAN_POINT('',(73.5746186661611,21.7796825528008,0.));
#2421=CARTESIAN_POINT('Ctrl Pts',(71.754639316389,25.0688874681654,0.));
#2422=CARTESIAN_POINT('Ctrl Pts',(71.754639316389,25.0688874681654,7.));
#2423=CARTESIAN_POINT('Ctrl Pts',(70.9285108017813,23.6581208666029,0.));
#2424=CARTESIAN_POINT('Ctrl Pts',(70.9285108017813,23.6581208666029,7.));
#2425=CARTESIAN_POINT('Ctrl Pts',(71.9434843786449,21.7796825528008,0.));
#2426=CARTESIAN_POINT('Ctrl Pts',(71.9434843786449,21.7796825528008,7.));
#2427=CARTESIAN_POINT('Ctrl Pts',(73.5746186661611,21.7796825528008,0.));
#2428=CARTESIAN_POINT('Ctrl Pts',(73.5746186661611,21.7796825528008,7.));
#2429=CARTESIAN_POINT('',(71.754639316389,25.0688874681654,5.));
#2430=CARTESIAN_POINT('Ctrl Pts',(73.5746186661611,21.7796825528008,5.));
#2431=CARTESIAN_POINT('Ctrl Pts',(71.9434843786449,21.7796825528008,5.));
#2432=CARTESIAN_POINT('Ctrl Pts',(70.9285108017813,23.6581208666029,5.));
#2433=CARTESIAN_POINT('Ctrl Pts',(71.754639316389,25.0688874681654,5.));
#2434=CARTESIAN_POINT('',(71.754639316389,25.0688874681654,7.));
#2435=CARTESIAN_POINT('Ctrl Pts',(71.754639316389,25.0688874681654,7.));
#2436=CARTESIAN_POINT('Ctrl Pts',(70.9285108017813,23.6581208666029,7.));
#2437=CARTESIAN_POINT('Ctrl Pts',(71.9434843786449,21.7796825528008,7.));
#2438=CARTESIAN_POINT('Ctrl Pts',(73.5746186661611,21.7796825528008,7.));
#2439=CARTESIAN_POINT('',(71.754639316389,25.0688874681654,0.));
#2440=CARTESIAN_POINT('Origin',(74.9409273870677,30.6106680671237,0.));
#2441=CARTESIAN_POINT('',(74.9409273870677,30.6106680671237,5.));
#2442=CARTESIAN_POINT('',(73.5377971569107,28.1702610120141,5.));
#2443=CARTESIAN_POINT('',(74.9409273870677,30.6106680671237,7.));
#2444=CARTESIAN_POINT('',(74.9409273870677,30.6106680671237,7.));
#2445=CARTESIAN_POINT('',(74.9409273870677,30.6106680671237,0.));
#2446=CARTESIAN_POINT('Ctrl Pts',(82.8697554357738,40.90926425853,0.));
#2447=CARTESIAN_POINT('Ctrl Pts',(82.8697554357738,40.90926425853,7.));
#2448=CARTESIAN_POINT('Ctrl Pts',(78.0544324326406,40.1310171882174,0.));
#2449=CARTESIAN_POINT('Ctrl Pts',(78.0544324326406,40.1310171882174,7.));
#2450=CARTESIAN_POINT('Ctrl Pts',(74.4651004878571,35.7219839850925,0.));
#2451=CARTESIAN_POINT('Ctrl Pts',(74.4651004878571,35.7219839850925,7.));
#2452=CARTESIAN_POINT('Ctrl Pts',(74.9409273870677,30.6106680671237,0.));
#2453=CARTESIAN_POINT('Ctrl Pts',(74.9409273870677,30.6106680671237,7.));
#2454=CARTESIAN_POINT('',(82.8697554357738,40.90926425853,5.));
#2455=CARTESIAN_POINT('Ctrl Pts',(74.9409273870677,30.6106680671237,5.));
#2456=CARTESIAN_POINT('Ctrl Pts',(74.4651004878571,35.7219839850925,5.));
#2457=CARTESIAN_POINT('Ctrl Pts',(78.0544324326406,40.1310171882174,5.));
#2458=CARTESIAN_POINT('Ctrl Pts',(82.8697554357738,40.90926425853,5.));
#2459=CARTESIAN_POINT('',(82.8697554357738,40.90926425853,7.));
#2460=CARTESIAN_POINT('Ctrl Pts',(82.8697554357738,40.90926425853,7.));
#2461=CARTESIAN_POINT('Ctrl Pts',(78.0544324326406,40.1310171882174,7.));
#2462=CARTESIAN_POINT('Ctrl Pts',(74.4651004878571,35.7219839850925,7.));
#2463=CARTESIAN_POINT('Ctrl Pts',(74.9409273870677,30.6106680671237,7.));
#2464=CARTESIAN_POINT('',(82.8697554357738,40.90926425853,0.));
#2465=CARTESIAN_POINT('Ctrl Pts',(85.5306395300121,40.7671540697279,0.));
#2466=CARTESIAN_POINT('Ctrl Pts',(85.5306395300121,40.7671540697279,7.));
#2467=CARTESIAN_POINT('Ctrl Pts',(84.6591487971833,40.9692089199883,0.));
#2468=CARTESIAN_POINT('Ctrl Pts',(84.6591487971833,40.9692089199883,7.));
#2469=CARTESIAN_POINT('Ctrl Pts',(83.753906894514,41.0518912116549,0.));
#2470=CARTESIAN_POINT('Ctrl Pts',(83.753906894514,41.0518912116549,7.));
#2471=CARTESIAN_POINT('Ctrl Pts',(82.8697554357738,40.90926425853,0.));
#2472=CARTESIAN_POINT('Ctrl Pts',(82.8697554357738,40.90926425853,7.));
#2473=CARTESIAN_POINT('',(85.5306395300121,40.7671540697279,5.));
#2474=CARTESIAN_POINT('Ctrl Pts',(82.8697554357738,40.90926425853,5.));
#2475=CARTESIAN_POINT('Ctrl Pts',(83.753906894514,41.0518912116549,5.));
#2476=CARTESIAN_POINT('Ctrl Pts',(84.6591487971833,40.9692089199883,5.));
#2477=CARTESIAN_POINT('Ctrl Pts',(85.5306395300121,40.7671540697279,5.));
#2478=CARTESIAN_POINT('',(85.5306395300121,40.7671540697279,7.));
#2479=CARTESIAN_POINT('Ctrl Pts',(85.5306395300121,40.7671540697279,7.));
#2480=CARTESIAN_POINT('Ctrl Pts',(84.6591487971833,40.9692089199883,7.));
#2481=CARTESIAN_POINT('Ctrl Pts',(83.753906894514,41.0518912116549,7.));
#2482=CARTESIAN_POINT('Ctrl Pts',(82.8697554357738,40.90926425853,7.));
#2483=CARTESIAN_POINT('',(85.5306395300121,40.7671540697279,0.));
#2484=CARTESIAN_POINT('Ctrl Pts',(90.7606013067455,42.4910798509779,0.));
#2485=CARTESIAN_POINT('Ctrl Pts',(90.7606013067455,42.4910798509779,7.));
#2486=CARTESIAN_POINT('Ctrl Pts',(88.8224444158763,39.9470490892591,0.));
#2487=CARTESIAN_POINT('Ctrl Pts',(88.8224444158763,39.9470490892591,7.));
#2488=CARTESIAN_POINT('Ctrl Pts',(89.1389625636628,39.9310293952487,0.));
#2489=CARTESIAN_POINT('Ctrl Pts',(89.1389625636628,39.9310293952487,7.));
#2490=CARTESIAN_POINT('Ctrl Pts',(85.5306395300121,40.7671540697279,0.));
#2491=CARTESIAN_POINT('Ctrl Pts',(85.5306395300121,40.7671540697279,7.));
#2492=CARTESIAN_POINT('',(90.7606013067455,42.4910798509779,5.));
#2493=CARTESIAN_POINT('Ctrl Pts',(85.5306395300121,40.7671540697279,5.));
#2494=CARTESIAN_POINT('Ctrl Pts',(87.3348010468374,40.3490917324883,5.));
#2495=CARTESIAN_POINT('Ctrl Pts',(88.1577522683035,40.1440654873711,5.));
#2496=CARTESIAN_POINT('Ctrl Pts',(88.7719327219219,40.3615586717786,5.));
#2497=CARTESIAN_POINT('Ctrl Pts',(89.3861131755402,40.5790518561862,5.));
#2498=CARTESIAN_POINT('Ctrl Pts',(89.7915228613109,41.2190644701185,5.));
#2499=CARTESIAN_POINT('Ctrl Pts',(90.7606013067455,42.4910798509779,5.));
#2500=CARTESIAN_POINT('',(90.7606013067455,42.4910798509779,7.));
#2501=CARTESIAN_POINT('Ctrl Pts',(90.7606013067455,42.4910798509779,7.));
#2502=CARTESIAN_POINT('Ctrl Pts',(88.8224444158763,39.9470490892591,7.));
#2503=CARTESIAN_POINT('Ctrl Pts',(89.1389625636628,39.9310293952487,7.));
#2504=CARTESIAN_POINT('Ctrl Pts',(85.5306395300121,40.7671540697279,7.));
#2505=CARTESIAN_POINT('',(90.7606013067455,42.4910798509779,0.));
#2506=CARTESIAN_POINT('Ctrl Pts',(92.3294816422354,42.6466259121758,0.));
#2507=CARTESIAN_POINT('Ctrl Pts',(92.3294816422354,42.6466259121758,7.));
#2508=CARTESIAN_POINT('Ctrl Pts',(91.8747451869538,43.1029288093112,0.));
#2509=CARTESIAN_POINT('Ctrl Pts',(91.8747451869538,43.1029288093112,7.));
#2510=CARTESIAN_POINT('Ctrl Pts',(91.1172009873281,43.0279979824883,0.));
#2511=CARTESIAN_POINT('Ctrl Pts',(91.1172009873281,43.0279979824883,7.));
#2512=CARTESIAN_POINT('Ctrl Pts',(90.7606013067455,42.4910798509779,0.));
#2513=CARTESIAN_POINT('Ctrl Pts',(90.7606013067455,42.4910798509779,7.));
#2514=CARTESIAN_POINT('',(92.3294816422354,42.6466259121758,5.));
#2515=CARTESIAN_POINT('Ctrl Pts',(90.7606013067455,42.4910798509779,5.));
#2516=CARTESIAN_POINT('Ctrl Pts',(91.1172009873281,43.0279979824883,5.));
#2517=CARTESIAN_POINT('Ctrl Pts',(91.8747451869538,43.1029288093112,5.));
#2518=CARTESIAN_POINT('Ctrl Pts',(92.3294816422354,42.6466259121758,5.));
#2519=CARTESIAN_POINT('',(92.3294816422354,42.6466259121758,7.));
#2520=CARTESIAN_POINT('Ctrl Pts',(92.3294816422354,42.6466259121758,7.));
#2521=CARTESIAN_POINT('Ctrl Pts',(91.8747451869538,43.1029288093112,7.));
#2522=CARTESIAN_POINT('Ctrl Pts',(91.1172009873281,43.0279979824883,7.));
#2523=CARTESIAN_POINT('Ctrl Pts',(90.7606013067455,42.4910798509779,7.));
#2524=CARTESIAN_POINT('',(92.3294816422354,42.6466259121758,0.));
#2525=CARTESIAN_POINT('Ctrl Pts',(92.4349823085358,41.3262930671237,0.));
#2526=CARTESIAN_POINT('Ctrl Pts',(92.4349823085358,41.3262930671237,7.));
#2527=CARTESIAN_POINT('Ctrl Pts',(92.7272448309154,41.733503353582,0.));
#2528=CARTESIAN_POINT('Ctrl Pts',(92.7272448309154,41.733503353582,7.));
#2529=CARTESIAN_POINT('Ctrl Pts',(92.6829322902253,42.2921255866549,0.));
#2530=CARTESIAN_POINT('Ctrl Pts',(92.6829322902253,42.2921255866549,7.));
#2531=CARTESIAN_POINT('Ctrl Pts',(92.3294816422354,42.6466259121758,0.));
#2532=CARTESIAN_POINT('Ctrl Pts',(92.3294816422354,42.6466259121758,7.));
#2533=CARTESIAN_POINT('',(92.4349823085358,41.3262930671237,5.));
#2534=CARTESIAN_POINT('Ctrl Pts',(92.3294816422354,42.6466259121758,5.));
#2535=CARTESIAN_POINT('Ctrl Pts',(92.6829322902253,42.2921255866549,5.));
#2536=CARTESIAN_POINT('Ctrl Pts',(92.7272448309154,41.733503353582,5.));
#2537=CARTESIAN_POINT('Ctrl Pts',(92.4349823085358,41.3262930671237,5.));
#2538=CARTESIAN_POINT('',(92.4349823085358,41.3262930671237,7.));
#2539=CARTESIAN_POINT('Ctrl Pts',(92.4349823085358,41.3262930671237,7.));
#2540=CARTESIAN_POINT('Ctrl Pts',(92.7272448309154,41.733503353582,7.));
#2541=CARTESIAN_POINT('Ctrl Pts',(92.6829322902253,42.2921255866549,7.));
#2542=CARTESIAN_POINT('Ctrl Pts',(92.3294816422354,42.6466259121758,7.));
#2543=CARTESIAN_POINT('',(92.4349823085358,41.3262930671237,0.));
#2544=CARTESIAN_POINT('Origin',(90.6234326767813,38.9533112962904,0.));
#2545=CARTESIAN_POINT('',(90.6234326767813,38.9533112962904,5.));
#2546=CARTESIAN_POINT('',(82.9224758221159,28.8656880185358,5.));
#2547=CARTESIAN_POINT('',(90.6234326767813,38.9533112962904,7.));
#2548=CARTESIAN_POINT('',(90.6234326767813,38.9533112962904,7.));
#2549=CARTESIAN_POINT('',(90.6234326767813,38.9533112962904,0.));
#2550=CARTESIAN_POINT('Ctrl Pts',(88.5101411270986,38.1140860358737,0.));
#2551=CARTESIAN_POINT('Ctrl Pts',(88.5101411270986,38.1140860358737,7.));
#2552=CARTESIAN_POINT('Ctrl Pts',(89.3172624039541,37.9564729173841,0.));
#2553=CARTESIAN_POINT('Ctrl Pts',(89.3172624039541,37.9564729173841,7.));
#2554=CARTESIAN_POINT('Ctrl Pts',(90.1423250921459,38.2846182624362,0.));
#2555=CARTESIAN_POINT('Ctrl Pts',(90.1423250921459,38.2846182624362,7.));
#2556=CARTESIAN_POINT('Ctrl Pts',(90.6234326767813,38.9533112962904,0.));
#2557=CARTESIAN_POINT('Ctrl Pts',(90.6234326767813,38.9533112962904,7.));
#2558=CARTESIAN_POINT('',(88.5101411270986,38.1140860358737,5.));
#2559=CARTESIAN_POINT('Ctrl Pts',(90.6234326767813,38.9533112962904,5.));
#2560=CARTESIAN_POINT('Ctrl Pts',(90.1423250921459,38.2846182624362,5.));
#2561=CARTESIAN_POINT('Ctrl Pts',(89.3172624039541,37.9564729173841,5.));
#2562=CARTESIAN_POINT('Ctrl Pts',(88.5101411270986,38.1140860358737,5.));
#2563=CARTESIAN_POINT('',(88.5101411270986,38.1140860358737,7.));
#2564=CARTESIAN_POINT('Ctrl Pts',(88.5101411270986,38.1140860358737,7.));
#2565=CARTESIAN_POINT('Ctrl Pts',(89.3172624039541,37.9564729173841,7.));
#2566=CARTESIAN_POINT('Ctrl Pts',(90.1423250921459,38.2846182624362,7.));
#2567=CARTESIAN_POINT('Ctrl Pts',(90.6234326767813,38.9533112962904,7.));
#2568=CARTESIAN_POINT('',(88.5101411270986,38.1140860358737,0.));
#2569=CARTESIAN_POINT('Ctrl Pts',(79.6338741389802,37.1720246751966,0.));
#2570=CARTESIAN_POINT('Ctrl Pts',(79.6338741389802,37.1720246751966,7.));
#2571=CARTESIAN_POINT('Ctrl Pts',(82.5426920660228,39.6328563809258,0.));
#2572=CARTESIAN_POINT('Ctrl Pts',(82.5426920660228,39.6328563809258,7.));
#2573=CARTESIAN_POINT('Ctrl Pts',(85.7785733628164,38.6442862311862,0.));
#2574=CARTESIAN_POINT('Ctrl Pts',(85.7785733628164,38.6442862311862,7.));
#2575=CARTESIAN_POINT('Ctrl Pts',(88.5101411270986,38.1140860358737,0.));
#2576=CARTESIAN_POINT('Ctrl Pts',(88.5101411270986,38.1140860358737,7.));
#2577=CARTESIAN_POINT('',(79.6338741389802,37.1720246751966,5.));
#2578=CARTESIAN_POINT('Ctrl Pts',(88.5101411270986,38.1140860358737,5.));
#2579=CARTESIAN_POINT('Ctrl Pts',(85.7785733628164,38.6442862311862,5.));
#2580=CARTESIAN_POINT('Ctrl Pts',(82.5426920660228,39.6328563809258,5.));
#2581=CARTESIAN_POINT('Ctrl Pts',(79.6338741389802,37.1720246751966,5.));
#2582=CARTESIAN_POINT('',(79.6338741389802,37.1720246751966,7.));
#2583=CARTESIAN_POINT('Ctrl Pts',(79.6338741389802,37.1720246751966,7.));
#2584=CARTESIAN_POINT('Ctrl Pts',(82.5426920660228,39.6328563809258,7.));
#2585=CARTESIAN_POINT('Ctrl Pts',(85.7785733628164,38.6442862311862,7.));
#2586=CARTESIAN_POINT('Ctrl Pts',(88.5101411270986,38.1140860358737,7.));
#2587=CARTESIAN_POINT('',(79.6338741389802,37.1720246751966,0.));
#2588=CARTESIAN_POINT('Ctrl Pts',(77.0067573634675,31.5057038744154,0.));
#2589=CARTESIAN_POINT('Ctrl Pts',(77.0067573634675,31.5057038744154,7.));
#2590=CARTESIAN_POINT('Ctrl Pts',(77.0067573634675,33.7789501309258,0.));
#2591=CARTESIAN_POINT('Ctrl Pts',(77.0067573634675,33.7789501309258,7.));
#2592=CARTESIAN_POINT('Ctrl Pts',(78.0280613032868,35.8134512702487,0.));
#2593=CARTESIAN_POINT('Ctrl Pts',(78.0280613032868,35.8134512702487,7.));
#2594=CARTESIAN_POINT('Ctrl Pts',(79.6338741389802,37.1720246751966,0.));
#2595=CARTESIAN_POINT('Ctrl Pts',(79.6338741389802,37.1720246751966,7.));
#2596=CARTESIAN_POINT('Ctrl Pts',(79.6338741389802,37.1720246751966,5.));
#2597=CARTESIAN_POINT('Ctrl Pts',(78.0280613032868,35.8134512702487,5.));
#2598=CARTESIAN_POINT('Ctrl Pts',(77.0067573634675,33.7789501309258,5.));
#2599=CARTESIAN_POINT('Ctrl Pts',(77.0067573634675,31.5057038744154,5.));
#2600=CARTESIAN_POINT('Ctrl Pts',(77.0067573634675,31.5057038744154,7.));
#2601=CARTESIAN_POINT('Ctrl Pts',(77.0067573634675,33.7789501309258,7.));
#2602=CARTESIAN_POINT('Ctrl Pts',(78.0280613032868,35.8134512702487,7.));
#2603=CARTESIAN_POINT('Ctrl Pts',(79.6338741389802,37.1720246751966,7.));
#2604=CARTESIAN_POINT('Origin',(81.8278778163483,32.4361380378268,7.));
#2605=CARTESIAN_POINT('Origin',(47.75,39.75,5.));
#2606=CARTESIAN_POINT('Origin',(67.57,63.75,0.));
#2607=CARTESIAN_POINT('',(28.57,63.75,5.));
#2608=CARTESIAN_POINT('',(68.27,63.75,5.));
#2609=CARTESIAN_POINT('',(57.66,63.75,5.));
#2610=CARTESIAN_POINT('',(68.27,63.75,0.));
#2611=CARTESIAN_POINT('',(28.57,63.75,0.));
#2612=CARTESIAN_POINT('Origin',(68.27,76.55,0.));
#2613=CARTESIAN_POINT('',(68.27,76.8,5.));
#2614=CARTESIAN_POINT('',(68.27,58.15,5.));
#2615=CARTESIAN_POINT('',(68.27,76.8,0.));
#2616=CARTESIAN_POINT('Origin',(-5.2,84.7,4.));
#2617=CARTESIAN_POINT('',(-2.20000000000001,84.7,4.));
#2618=CARTESIAN_POINT('Origin',(-5.2,84.7,4.));
#2619=CARTESIAN_POINT('',(-3.5,84.7,4.));
#2620=CARTESIAN_POINT('Origin',(-5.2,84.7,4.));
#2621=CARTESIAN_POINT('Origin',(100.7,-5.2,4.));
#2622=CARTESIAN_POINT('',(103.7,-5.2,4.));
#2623=CARTESIAN_POINT('Origin',(100.7,-5.2,4.));
#2624=CARTESIAN_POINT('',(102.4,-5.2,4.));
#2625=CARTESIAN_POINT('Origin',(100.7,-5.2,4.));
#2626=CARTESIAN_POINT('Origin',(-5.2,-5.2,4.));
#2627=CARTESIAN_POINT('',(-2.2,-5.2,4.));
#2628=CARTESIAN_POINT('Origin',(-5.2,-5.2,4.));
#2629=CARTESIAN_POINT('',(-3.5,-5.2,4.));
#2630=CARTESIAN_POINT('Origin',(-5.2,-5.2,4.));
#2631=CARTESIAN_POINT('Origin',(100.7,84.7,4.));
#2632=CARTESIAN_POINT('',(103.7,84.7,4.));
#2633=CARTESIAN_POINT('Origin',(100.7,84.7,4.));
#2634=CARTESIAN_POINT('',(102.4,84.7,4.));
#2635=CARTESIAN_POINT('Origin',(100.7,84.7,4.));
#2636=CARTESIAN_POINT('Origin',(10.175,61.675,0.));
#2637=CARTESIAN_POINT('',(68.125,61.675,5.));
#2638=CARTESIAN_POINT('',(68.125,61.675,0.));
#2639=CARTESIAN_POINT('',(9.77500000000001,61.675,5.));
#2640=CARTESIAN_POINT('',(28.9625,61.675,5.));
#2641=CARTESIAN_POINT('',(9.775,61.675,0.));
#2642=CARTESIAN_POINT('Origin',(47.75,39.75,5.));
#2643=CARTESIAN_POINT('',(95.7,89.7,5.));
#2644=CARTESIAN_POINT('',(95.7,56.2,5.));
#2645=CARTESIAN_POINT('',(95.7,48.975,5.));
#2646=CARTESIAN_POINT('',(71.1,56.2,5.));
#2647=CARTESIAN_POINT('',(71.625,56.2,5.));
#2648=CARTESIAN_POINT('',(71.1,89.7,5.));
#2649=CARTESIAN_POINT('',(71.1,48.975,5.));
#2650=CARTESIAN_POINT('',(-5.2,89.7,5.));
#2651=CARTESIAN_POINT('',(100.7,89.7,5.));
#2652=CARTESIAN_POINT('',(-10.2,84.7,5.));
#2653=CARTESIAN_POINT('Origin',(-5.2,84.7,5.));
#2654=CARTESIAN_POINT('',(-10.2,-5.19999999999999,5.));
#2655=CARTESIAN_POINT('',(-10.2,84.7,5.));
#2656=CARTESIAN_POINT('',(-5.2,-10.2,5.));
#2657=CARTESIAN_POINT('Origin',(-5.2,-5.2,5.));
#2658=CARTESIAN_POINT('',(100.7,-10.2,5.));
#2659=CARTESIAN_POINT('',(-5.2,-10.2,5.));
#2660=CARTESIAN_POINT('',(105.7,-5.2,5.));
#2661=CARTESIAN_POINT('Origin',(100.7,-5.2,5.));
#2662=CARTESIAN_POINT('',(105.7,84.7,5.));
#2663=CARTESIAN_POINT('',(105.7,-5.2,5.));
#2664=CARTESIAN_POINT('',(100.7,89.7,5.));
#2665=CARTESIAN_POINT('Origin',(100.7,84.7,5.));
#2666=CARTESIAN_POINT('',(100.7,89.7,5.));
#2667=CARTESIAN_POINT('',(9.775,3.325,5.));
#2668=CARTESIAN_POINT('',(9.775,50.6125,5.));
#2669=CARTESIAN_POINT('',(68.125,3.325,5.));
#2670=CARTESIAN_POINT('',(68.125,50.6125,5.));
#2671=CARTESIAN_POINT('',(57.8375,3.325,5.));
#2672=CARTESIAN_POINT('',(28.2,63.175,5.));
#2673=CARTESIAN_POINT('',(10.3,63.175,5.));
#2674=CARTESIAN_POINT('',(28.2,63.175,5.));
#2675=CARTESIAN_POINT('',(10.3,77.8,5.));
#2676=CARTESIAN_POINT('',(10.3,63.175,5.));
#2677=CARTESIAN_POINT('',(28.2,77.8,5.));
#2678=CARTESIAN_POINT('',(10.3,77.8,5.));
#2679=CARTESIAN_POINT('',(28.2,77.8,5.));
#2680=CARTESIAN_POINT('',(-2.2,-5.2,5.));
#2681=CARTESIAN_POINT('Origin',(-5.2,-5.2,5.));
#2682=CARTESIAN_POINT('',(-2.20000000000001,84.7,5.));
#2683=CARTESIAN_POINT('Origin',(-5.2,84.7,5.));
#2684=CARTESIAN_POINT('',(103.7,-5.2,5.));
#2685=CARTESIAN_POINT('Origin',(100.7,-5.2,5.));
#2686=CARTESIAN_POINT('',(103.7,84.7,5.));
#2687=CARTESIAN_POINT('Origin',(100.7,84.7,5.));
#2688=CARTESIAN_POINT('',(28.57,76.8,5.));
#2689=CARTESIAN_POINT('',(38.51,76.8,5.));
#2690=CARTESIAN_POINT('',(28.57,52.1,5.));
#2691=CARTESIAN_POINT('Origin',(68.125,61.275,0.));
#2692=CARTESIAN_POINT('',(68.125,3.325,0.));
#2693=CARTESIAN_POINT('Origin',(67.725,3.325,0.));
#2694=CARTESIAN_POINT('',(9.775,3.325,0.));
#2695=CARTESIAN_POINT('Origin',(9.77500000000001,3.725,0.));
#2696=CARTESIAN_POINT('Origin',(95.5,56.2,0.));
#2697=CARTESIAN_POINT('',(71.1,56.2,0.));
#2698=CARTESIAN_POINT('',(95.7,56.2,0.));
#2699=CARTESIAN_POINT('Origin',(28.57,64.45,0.));
#2700=CARTESIAN_POINT('',(28.57,76.8,0.));
#2701=CARTESIAN_POINT('Origin',(29.27,76.8,0.));
#2702=CARTESIAN_POINT('Origin',(95.7,89.7,0.));
#2703=CARTESIAN_POINT('',(95.7,89.7,0.));
#2704=CARTESIAN_POINT('Origin',(100.7,84.7,5.));
#2705=CARTESIAN_POINT('',(103.7,84.7,5.));
#2706=CARTESIAN_POINT('Origin',(100.7,-5.2,5.));
#2707=CARTESIAN_POINT('',(103.7,-5.2,5.));
#2708=CARTESIAN_POINT('Origin',(-5.2,84.7,5.));
#2709=CARTESIAN_POINT('',(-2.20000000000001,84.7,5.));
#2710=CARTESIAN_POINT('Origin',(-5.2,-5.2,5.));
#2711=CARTESIAN_POINT('',(-2.2,-5.2,5.));
#2712=CARTESIAN_POINT('Origin',(100.7,84.7,5.));
#2713=CARTESIAN_POINT('',(102.4,84.7,5.));
#2714=CARTESIAN_POINT('Origin',(-5.2,84.7,5.));
#2715=CARTESIAN_POINT('',(-3.5,84.7,5.));
#2716=CARTESIAN_POINT('Origin',(100.7,-5.2,5.));
#2717=CARTESIAN_POINT('',(102.4,-5.2,5.));
#2718=CARTESIAN_POINT('Origin',(-5.2,-5.2,5.));
#2719=CARTESIAN_POINT('',(-3.5,-5.2,5.));
#2720=CARTESIAN_POINT('Origin',(100.7,89.7,0.));
#2721=CARTESIAN_POINT('',(100.7,89.7,0.));
#2722=CARTESIAN_POINT('Origin',(100.7,84.7,0.));
#2723=CARTESIAN_POINT('',(105.7,84.7,0.));
#2724=CARTESIAN_POINT('Origin',(105.7,-5.2,0.));
#2725=CARTESIAN_POINT('',(105.7,-5.2,0.));
#2726=CARTESIAN_POINT('Origin',(100.7,-5.2,0.));
#2727=CARTESIAN_POINT('',(100.7,-10.2,0.));
#2728=CARTESIAN_POINT('Origin',(-5.2,-10.2,0.));
#2729=CARTESIAN_POINT('',(-5.2,-10.2,0.));
#2730=CARTESIAN_POINT('Origin',(-5.2,-5.2,0.));
#2731=CARTESIAN_POINT('',(-10.2,-5.2,0.));
#2732=CARTESIAN_POINT('Origin',(-10.2,84.7,0.));
#2733=CARTESIAN_POINT('',(-10.2,84.7,0.));
#2734=CARTESIAN_POINT('Origin',(-5.2,84.7,0.));
#2735=CARTESIAN_POINT('',(-5.2,89.7,0.));
#2736=CARTESIAN_POINT('Origin',(71.1,89.7,0.));
#2737=CARTESIAN_POINT('',(71.1,89.7,0.));
#2738=CARTESIAN_POINT('Origin',(90.,5.5,0.));
#2739=CARTESIAN_POINT('',(87.65,5.5,0.));
#2740=CARTESIAN_POINT('Origin',(90.,5.5,4.));
#2741=CARTESIAN_POINT('Origin',(5.,5.5,0.));
#2742=CARTESIAN_POINT('',(2.65,5.5,0.));
#2743=CARTESIAN_POINT('Origin',(5.,5.5,4.));
#2744=CARTESIAN_POINT('Origin',(80.,52.,0.));
#2745=CARTESIAN_POINT('',(77.65,52.,0.));
#2746=CARTESIAN_POINT('Origin',(80.,52.,4.));
#2747=CARTESIAN_POINT('Origin',(5.,74.5,0.));
#2748=CARTESIAN_POINT('',(2.65,74.5,0.));
#2749=CARTESIAN_POINT('Origin',(5.,74.5,4.));
#2750=CARTESIAN_POINT('Origin',(28.2,77.8,0.));
#2751=CARTESIAN_POINT('',(28.2,63.175,0.));
#2752=CARTESIAN_POINT('',(28.2,77.8,0.));
#2753=CARTESIAN_POINT('Origin',(10.3,77.8,0.));
#2754=CARTESIAN_POINT('',(10.3,77.8,0.));
#2755=CARTESIAN_POINT('Origin',(10.3,63.175,0.));
#2756=CARTESIAN_POINT('',(10.3,63.175,0.));
#2757=CARTESIAN_POINT('Origin',(28.2,63.175,0.));
#2758=CARTESIAN_POINT('Origin',(71.1,58.2,0.));
#2759=UNCERTAINTY_MEASURE_WITH_UNIT(LENGTH_MEASURE(0.01),#2763,
'DISTANCE_ACCURACY_VALUE',
'Maximum model space distance between geometric entities at asserted c
onnectivities');
#2760=UNCERTAINTY_MEASURE_WITH_UNIT(LENGTH_MEASURE(0.01),#2763,
'DISTANCE_ACCURACY_VALUE',
'Maximum model space distance between geometric entities at asserted c
onnectivities');
#2761=(
GEOMETRIC_REPRESENTATION_CONTEXT(3)
GLOBAL_UNCERTAINTY_ASSIGNED_CONTEXT((#2759))
GLOBAL_UNIT_ASSIGNED_CONTEXT((#2763,#2765,#2766))
REPRESENTATION_CONTEXT('','3D')
);
#2762=(
GEOMETRIC_REPRESENTATION_CONTEXT(3)
GLOBAL_UNCERTAINTY_ASSIGNED_CONTEXT((#2760))
GLOBAL_UNIT_ASSIGNED_CONTEXT((#2763,#2765,#2766))
REPRESENTATION_CONTEXT('','3D')
);
#2763=(
LENGTH_UNIT()
NAMED_UNIT(*)
SI_UNIT(.MILLI.,.METRE.)
);
#2764=(
LENGTH_UNIT()
NAMED_UNIT(*)
SI_UNIT($,.METRE.)
);
#2765=(
NAMED_UNIT(*)
PLANE_ANGLE_UNIT()
SI_UNIT($,.RADIAN.)
);
#2766=(
NAMED_UNIT(*)
SI_UNIT($,.STERADIAN.)
SOLID_ANGLE_UNIT()
);
#2767=SHAPE_DEFINITION_REPRESENTATION(#2768,#2769);
#2768=PRODUCT_DEFINITION_SHAPE('',$,#2771);
#2769=SHAPE_REPRESENTATION('',(#1548),#2761);
#2770=PRODUCT_DEFINITION_CONTEXT('part definition',#2775,'design');
#2771=PRODUCT_DEFINITION('2026-06-28-14-43-41-981','Top Shell',#2772,#2770);
#2772=PRODUCT_DEFINITION_FORMATION('',$,#2777);
#2773=PRODUCT_RELATED_PRODUCT_CATEGORY('Top Shell','Top Shell',(#2777));
#2774=APPLICATION_PROTOCOL_DEFINITION('international standard',
'automotive_design',2009,#2775);
#2775=APPLICATION_CONTEXT(
'Core Data for Automotive Mechanical Design Process');
#2776=PRODUCT_CONTEXT('part definition',#2775,'mechanical');
#2777=PRODUCT('2026-06-28-14-43-41-981','Top Shell',$,(#2776));
#2778=PRESENTATION_STYLE_ASSIGNMENT((#2779));
#2779=SURFACE_STYLE_USAGE(.BOTH.,#2780);
#2780=SURFACE_SIDE_STYLE('',(#2781));
#2781=SURFACE_STYLE_FILL_AREA(#2782);
#2782=FILL_AREA_STYLE('ABS (White)',(#2783));
#2783=FILL_AREA_STYLE_COLOUR('ABS (White)',#2784);
#2784=COLOUR_RGB('ABS (White)',0.964705882352941,0.964705882352941,0.952941176470588);
ENDSEC;
END-ISO-10303-21;
